Time[s],prob_unbind,alt_integrin_force[pN],alt_work_done[pN]
0.01,0.00170944,0.101271,0.00724261
0.02,0.00343774,0.203045,0.0289369
0.03,0.00518517,0.305313,0.0652429
0.04,0.00695201,0.408069,0.116316
0.05,0.00873854,0.511304,0.182305
0.06,0.0105451,0.615012,0.263355
0.07,0.0123718,0.719186,0.359605
0.08,0.0142192,0.823817,0.471191
0.09,0.0160874,0.928901,0.598241
0.1,0.0179767,1.03443,0.740879
0.11,0.0198875,1.14039,0.899224
0.12,0.02182,1.24679,1.07339
0.13,0.0237746,1.35361,1.26349
0.14,0.0257515,1.46085,1.46962
0.15,0.027751,1.5685,1.69188
0.16,0.0297735,1.67656,1.93038
0.17,0.0318192,1.78501,2.18518
0.18,0.0338886,1.89386,2.45639
0.19,0.0359818,2.00309,2.74408
0.2,0.0380992,2.1127,3.04831
0.21,0.0402411,2.22269,3.36917
0.22,0.0424079,2.33304,3.70671
0.23,0.0445998,2.44376,4.061
0.24,0.0468172,2.55483,4.43208
0.25,0.0490603,2.66625,4.82
0.26,0.0513296,2.77802,5.22482
0.27,0.0536254,2.89012,5.64656
0.28,0.0559479,3.00255,6.08527
0.29,0.0582975,3.11531,6.54096
0.3,0.0606745,3.22838,7.01366
0.31,0.0630793,3.34177,7.5034
0.32,0.0655122,3.45546,8.01018
0.33,0.0679734,3.56945,8.53401
0.34,0.0704634,3.68373,9.07489
0.35,0.0729825,3.79829,9.63282
0.36,0.075531,3.91313,10.2078
0.37,0.0781092,4.02823,10.7998
0.38,0.0807174,4.14359,11.4088
0.39,0.083356,4.2592,12.0348
0.4,0.0860253,4.37504,12.6777
0.41,0.0887257,4.49112,13.3376
0.42,0.0914573,4.60741,14.0143
0.43,0.0942206,4.7239,14.7078
0.44,0.0970158,4.84058,15.4181
0.45,0.0998433,4.95744,16.1451
0.46,0.102703,5.07445,16.8887
0.47,0.105596,5.1916,17.6488
0.48,0.108522,5.30887,18.4255
0.49,0.111481,5.42623,19.2184
0.5,0.114474,5.54367,20.0276
0.51,0.117501,5.66114,20.853
0.52,0.120562,5.77863,21.6944
0.53,0.123657,5.89609,22.5516
0.54,0.126786,6.01348,23.4246
0.55,0.129951,6.13076,24.3131
0.56,0.13315,6.24788,25.217
0.57,0.136383,6.36478,26.1361
0.58,0.139652,6.4814,27.0702
0.59,0.142955,6.59766,28.019
0.6,0.146293,6.71347,28.9823
0.61,0.149666,6.82876,29.9598
0.62,0.153074,6.9434,30.9513
0.63,0.156516,7.05728,31.9564
0.64,0.159992,7.17027,32.9746
0.65,0.163501,7.2822,34.0057
0.66,0.167043,7.39291,35.0493
0.67,0.170618,7.50219,36.1047
0.68,0.174224,7.60982,37.1715
0.69,0.17786,7.71555,38.2492
0.7,0.181526,7.81909,39.3371
0.71,0.18522,7.9201,40.4344
0.72,0.18894,8.01823,41.5404
0.73,0.192685,8.11305,42.6544
0.74,0.196451,8.20408,43.7752
0.75,0.200238,8.2908,44.902
0.76,0.204042,8.37261,46.0336
0.77,0.207859,8.44882,47.1688
0.78,0.211687,8.51868,48.3062
0.79,0.21552,8.58134,49.4445
0.8,0.219355,8.63585,50.582
0.81,0.223187,8.68115,51.7172
0.82,0.227009,8.71609,52.8483
0.83,0.230817,8.73941,53.9733
0.84,0.234603,8.74972,55.0904
0.85,0.238361,8.7456,56.1975
0.86,0.242084,8.72551,57.2926
0.87,0.245765,8.68796,58.3738
0.88,0.249396,8.63149,59.439
0.89,0.25297,8.55484,60.4865
0.9,0.256481,8.45706,61.5145
0.91,0.259922,8.33776,62.5218
0.92,0.263288,8.1973,63.5074
0.93,0.266577,8.03713,64.4706
0.94,0.269786,7.86007,65.4115
0.95,0.272914,7.67056,66.3305
0.96,0.275965,7.47472,67.2288
0.97,0.278942,7.28023,68.1081
0.98,0.281852,7.09583,68.9706
0.99,0.284704,6.93039,69.819
1,0.287505,6.79176,70.6562
1.01,0.290268,6.68557,71.4853
1.02,0.293002,6.6143,72.3092
1.03,0.295717,6.57701,73.1307
1.04,0.298421,6.56978,73.952
1.05,0.301122,6.58673,74.7749
1.06,0.303824,6.6213,75.6007
1.07,0.306531,6.66745,76.4303
1.08,0.309245,6.7204,77.2641
1.09,0.311968,6.77683,78.1024
1.1,0.314699,6.83475,78.9452
1.11,0.317439,6.89313,79.7924
1.12,0.320188,6.9515,80.644
1.13,0.322945,7.00968,81.4998
1.14,0.325711,7.06758,82.3598
1.15,0.328485,7.12518,83.2238
1.16,0.331267,7.18243,84.0916
1.17,0.334058,7.23932,84.9633
1.18,0.336856,7.29579,85.8385
1.19,0.339661,7.35183,86.7173
1.2,0.342474,7.40738,87.5993
1.21,0.345293,7.46242,88.4846
1.22,0.348119,7.5169,89.3729
1.23,0.350952,7.57077,90.264
1.24,0.35379,7.62398,91.1578
1.25,0.356634,7.67648,92.0542
1.26,0.359483,7.72822,92.9528
1.27,0.362338,7.77913,93.8537
1.28,0.365196,7.82916,94.7564
1.29,0.368059,7.87824,95.661
1.3,0.370925,7.9263,96.567
1.31,0.373794,7.97326,97.4744
1.32,0.376665,8.01905,98.3829
1.33,0.379539,8.06358,99.2923
1.34,0.382413,8.10676,100.202
1.35,0.385288,8.14851,101.113
1.36,0.388164,8.18873,102.023
1.37,0.391038,8.22731,102.933
1.38,0.393911,8.26415,103.843
1.39,0.396782,8.29914,104.753
1.4,0.39965,8.33216,105.661
1.41,0.402514,8.3631,106.568
1.42,0.405373,8.39182,107.473
1.43,0.408227,8.41822,108.377
1.44,0.411074,8.44215,109.279
1.45,0.413913,8.46348,110.178
1.46,0.416744,8.48209,111.074
1.47,0.419566,8.49785,111.967
1.48,0.422377,8.51062,112.856
1.49,0.425177,8.52029,113.742
1.5,0.427963,8.52673,114.624
1.51,0.430737,8.52984,115.502
1.52,0.433495,8.52952,116.375
1.53,0.436238,8.5257,117.243
1.54,0.438964,8.51831,118.105
1.55,0.441673,8.50732,118.963
1.56,0.444363,8.49272,119.814
1.57,0.447033,8.47454,120.66
1.58,0.449683,8.45285,121.5
1.59,0.452312,8.42777,122.333
1.6,0.45492,8.39947,123.16
1.61,0.457506,8.36816,123.981
1.62,0.460069,8.33414,124.795
1.63,0.46261,8.29776,125.602
1.64,0.465128,8.25945,126.403
1.65,0.467623,8.21968,127.198
1.66,0.470095,8.179,127.986
1.67,0.472545,8.13804,128.769
1.68,0.474974,8.09745,129.545
1.69,0.477381,8.05792,130.316
1.7,0.479769,8.02015,131.081
1.71,0.482137,7.98486,131.841
1.72,0.484487,7.95271,132.596
1.73,0.48682,7.92434,133.348
1.74,0.489138,7.90028,134.095
1.75,0.491441,7.88097,134.838
1.76,0.493732,7.86673,135.579
1.77,0.49601,7.85774,136.316
1.78,0.498279,7.85403,137.051
1.79,0.500539,7.85548,137.784
1.8,0.502791,7.86186,138.516
1.81,0.505037,7.87278,139.245
1.82,0.507277,7.8878,139.974
1.83,0.509512,7.90637,140.701
1.84,0.511743,7.92794,141.428
1.85,0.51397,7.95191,142.154
1.86,0.516194,7.97775,142.879
1.87,0.518416,8.00491,143.603
1.88,0.520634,8.03294,144.326
1.89,0.52285,8.06145,145.049
1.9,0.525064,8.0901,145.772
1.91,0.527274,8.11863,146.493
1.92,0.529482,8.14683,147.214
1.93,0.531686,8.17455,147.933
1.94,0.533887,8.20168,148.652
1.95,0.536085,8.22813,149.369
1.96,0.538279,8.25384,150.086
1.97,0.540469,8.27875,150.801
1.98,0.542655,8.30283,151.514
1.99,0.544836,8.32603,152.227
2,0.547012,8.34834,152.937
2.01,0.549184,8.3697,153.646
2.02,0.55135,8.3901,154.354
2.03,0.55351,8.4095,155.059
2.04,0.555664,8.42786,155.762
2.05,0.557812,8.44517,156.464
2.06,0.559954,8.46138,157.163
2.07,0.562089,8.47647,157.86
2.08,0.564217,8.49042,158.555
2.09,0.566337,8.5032,159.247
2.1,0.56845,8.51478,159.937
2.11,0.570554,8.52514,160.624
2.12,0.572651,8.53427,161.308
2.13,0.574739,8.54214,161.99
2.14,0.576818,8.54875,162.669
2.15,0.578888,8.55409,163.344
2.16,0.580948,8.55815,164.017
2.17,0.582999,8.56093,164.687
2.18,0.58504,8.56245,165.354
2.19,0.587071,8.5627,166.017
2.2,0.589091,8.56172,166.677
2.21,0.591101,8.55952,167.334
2.22,0.5931,8.55614,167.987
2.23,0.595089,8.55162,168.637
2.24,0.597066,8.54601,169.284
2.25,0.599032,8.53937,169.927
2.26,0.600986,8.53177,170.567
2.27,0.60293,8.52328,171.203
2.28,0.604861,8.51399,171.835
2.29,0.606781,8.504,172.464
2.3,0.60869,8.4934,173.09
2.31,0.610587,8.48233,173.712
2.32,0.612473,8.47089,174.331
2.33,0.614347,8.45921,174.946
2.34,0.61621,8.44744,175.558
2.35,0.618061,8.43572,176.166
2.36,0.619902,8.42418,176.771
2.37,0.621731,8.41298,177.373
2.38,0.62355,8.40227,177.972
2.39,0.625358,8.39218,178.567
2.4,0.627157,8.38285,179.16
2.41,0.628945,8.37443,179.75
2.42,0.630723,8.36702,180.336
2.43,0.632492,8.36075,180.92
2.44,0.634252,8.3557,181.502
2.45,0.636003,8.35197,182.08
2.46,0.637746,8.34961,182.657
2.47,0.639481,8.34866,183.23
2.48,0.641207,8.34915,183.802
2.49,0.642926,8.35108,184.371
2.5,0.644638,8.35442,184.938
2.51,0.646343,8.35915,185.503
2.52,0.648041,8.36519,186.066
2.53,0.649732,8.37248,186.627
2.54,0.651418,8.3809,187.185
2.55,0.653097,8.39037,187.742
2.56,0.65477,8.40075,188.298
2.57,0.656437,8.41193,188.851
2.58,0.658099,8.42377,189.402
2.59,0.659755,8.43613,189.952
2.6,0.661406,8.44888,190.5
2.61,0.663051,8.4619,191.046
2.62,0.66469,8.47506,191.59
2.63,0.666325,8.48825,192.133
2.64,0.667953,8.50135,192.673
2.65,0.669577,8.51428,193.212
2.66,0.671194,8.52694,193.749
2.67,0.672806,8.53926,194.284
2.68,0.674412,8.55118,194.817
2.69,0.676013,8.56264,195.348
2.7,0.677608,8.57361,195.878
2.71,0.679196,8.58403,196.405
2.72,0.680779,8.59389,196.93
2.73,0.682355,8.60316,197.453
2.74,0.683925,8.61183,197.975
2.75,0.685489,8.61989,198.494
2.76,0.687047,8.62732,199.01
2.77,0.688598,8.63413,199.525
2.78,0.690142,8.64031,200.038
2.79,0.691679,8.64586,200.548
2.8,0.69321,8.65079,201.056
2.81,0.694734,8.65511,201.562
2.82,0.696251,8.65882,202.065
2.83,0.697761,8.66194,202.567
2.84,0.699263,8.66447,203.066
2.85,0.700759,8.66643,203.562
2.86,0.702247,8.66784,204.056
2.87,0.703728,8.66872,204.548
2.88,0.705202,8.66909,205.038
2.89,0.706668,8.66897,205.525
2.9,0.708127,8.66839,206.01
2.91,0.709579,8.66737,206.492
2.92,0.711023,8.66596,206.972
2.93,0.71246,8.66418,207.45
2.94,0.713889,8.66206,207.925
2.95,0.715311,8.65965,208.398
2.96,0.716726,8.65699,208.868
2.97,0.718133,8.65411,209.336
2.98,0.719532,8.65106,209.802
2.99,0.720924,8.64788,210.266
3,0.722309,8.64462,210.727
3.01,0.723687,8.64132,211.186
3.02,0.725057,8.63804,211.642
3.03,0.72642,8.63481,212.096
3.04,0.727776,8.63169,212.548
3.05,0.729125,8.62872,212.998
3.06,0.730467,8.62595,213.446
3.07,0.731802,8.62342,213.891
3.08,0.73313,8.62116,214.334
3.09,0.734452,8.61923,214.776
3.1,0.735767,8.61765,215.215
3.11,0.737075,8.61646,215.652
3.12,0.738377,8.61569,216.086
3.13,0.739672,8.61537,216.519
3.14,0.740962,8.61551,216.95
3.15,0.742245,8.61613,217.379
3.16,0.743522,8.61724,217.806
3.17,0.744793,8.61885,218.231
3.18,0.746058,8.62096,218.655
3.19,0.747317,8.62356,219.076
3.2,0.748571,8.62665,219.495
3.21,0.749819,8.63021,219.913
3.22,0.751062,8.63422,220.329
3.23,0.752299,8.63866,220.743
3.24,0.75353,8.6435,221.156
3.25,0.754757,8.64871,221.566
3.26,0.755978,8.65425,221.975
3.27,0.757194,8.66008,222.382
3.28,0.758405,8.66617,222.788
3.29,0.75961,8.67247,223.192
3.3,0.760811,8.67893,223.594
3.31,0.762006,8.68552,223.994
3.32,0.763197,8.69219,224.393
3.33,0.764382,8.6989,224.79
3.34,0.765562,8.7056,225.185
3.35,0.766738,8.71226,225.579
3.36,0.767908,8.71884,225.971
3.37,0.769074,8.7253,226.361
3.38,0.770234,8.73161,226.75
3.39,0.77139,8.73774,227.137
3.4,0.77254,8.74367,227.523
3.41,0.773685,8.74936,227.906
3.42,0.774826,8.75481,228.288
3.43,0.775961,8.75999,228.668
3.44,0.777091,8.76489,229.047
3.45,0.778216,8.7695,229.424
3.46,0.779336,8.77381,229.799
3.47,0.780451,8.77782,230.172
3.48,0.78156,8.78153,230.544
3.49,0.782665,8.78494,230.914
3.5,0.783764,8.78804,231.282
3.51,0.784858,8.79086,231.649
3.52,0.785947,8.79338,232.014
3.53,0.787031,8.79563,232.377
3.54,0.788109,8.79761,232.738
3.55,0.789182,8.79933,233.098
3.56,0.79025,8.8008,233.456
3.57,0.791313,8.80205,233.812
3.58,0.79237,8.80307,234.166
3.59,0.793422,8.8039,234.519
3.6,0.794469,8.80453,234.87
3.61,0.795511,8.805,235.219
3.62,0.796548,8.80532,235.567
3.63,0.797579,8.80551,235.913
3.64,0.798605,8.80558,236.257
3.65,0.799626,8.80556,236.6
3.66,0.800642,8.80546,236.941
3.67,0.801653,8.8053,237.28
3.68,0.802658,8.80511,237.617
3.69,0.803659,4.53818,237.953
3.7,0.804655,4.54809,238.287
3.71,0.805645,4.558,238.62
3.72,0.806631,4.56792,238.951
3.73,0.807611,4.57784,239.28
3.74,0.808587,4.58776,239.608
3.75,0.809558,4.59768,239.934
3.76,0.810523,4.6076,240.258
3.77,0.811485,4.61753,240.581
3.78,0.812441,4.62746,240.903
3.79,0.813393,4.63739,241.223
3.8,0.814339,4.64732,241.541
3.81,0.815282,4.65726,241.858
3.82,0.816219,4.6672,242.173
3.83,0.817153,4.67714,242.487
3.84,0.818081,4.68708,242.799
3.85,0.819005,4.69703,243.11
3.86,0.819925,4.70697,243.419
3.87,0.82084,4.71693,243.727
3.88,0.821751,4.72688,244.034
3.89,0.822658,4.73683,244.339
3.9,0.82356,4.74679,244.642
3.91,0.824458,4.75675,244.945
3.92,0.825352,4.76671,245.245
3.93,0.826242,4.77667,245.545
3.94,0.827127,4.78664,245.843
3.95,0.828008,4.79661,246.14
3.96,0.828886,4.80658,246.435
3.97,0.829759,4.81655,246.729
3.98,0.830628,4.82653,247.021
3.99,0.831493,4.83651,247.313
4,0.832354,4.84649,247.603
4.01,0.833212,4.85647,247.891
4.02,0.834065,4.86646,248.178
4.03,0.834914,4.87644,248.464
4.04,0.835759,4.88643,248.749
4.05,0.836601,4.89643,249.032
4.06,0.837438,4.90642,249.314
4.07,0.838272,4.91642,249.595
4.08,0.839102,4.92642,249.874
4.09,0.839928,4.93642,250.152
4.1,0.84075,4.94642,250.429
4.11,0.841568,4.95643,250.705
4.12,0.842382,4.96644,250.979
4.13,0.843193,4.97645,251.252
4.14,0.844,4.98646,251.523
4.15,0.844803,4.99648,251.794
4.16,0.845602,5.00649,252.063
4.17,0.846397,5.01651,252.331
4.18,0.847188,5.02654,252.597
4.19,0.847976,5.03656,252.862
4.2,0.84876,5.04659,253.126
4.21,0.84954,5.05662,253.389
4.22,0.850316,5.06665,253.65
4.23,0.851088,5.07668,253.91
4.24,0.851857,5.08672,254.169
4.25,0.852622,5.09676,254.427
4.26,0.853383,5.1068,254.683
4.27,0.85414,5.11684,254.938
4.28,0.854894,5.12689,255.192
4.29,0.855644,5.13694,255.445
4.3,0.85639,5.14699,255.696
4.31,0.857132,5.15704,255.946
4.32,0.857871,5.16709,256.195
4.33,0.858606,5.17715,256.443
4.34,0.859337,5.18721,256.689
4.35,0.860065,5.19727,256.934
4.36,0.860789,5.20734,257.178
4.37,0.861509,5.2174,257.421
4.38,0.862226,5.22747,257.663
4.39,0.862939,5.23754,257.903
4.4,0.863649,5.24762,258.142
4.41,0.864355,5.25769,258.38
4.42,0.865058,5.26777,258.617
4.43,0.865757,5.27785,258.853
4.44,0.866452,5.28794,259.088
4.45,0.867144,5.29802,259.321
4.46,0.867833,5.30811,259.553
4.47,0.868518,5.3182,259.784
4.48,0.8692,5.32829,260.014
4.49,0.869879,5.33839,260.243
4.5,0.870554,5.34848,260.471
4.51,0.871225,5.35858,260.697
4.52,0.871894,5.36869,260.923
4.53,0.872559,5.37879,261.147
4.54,0.87322,5.3889,261.37
4.55,0.873879,5.39901,261.593
4.56,0.874534,5.40912,261.814
4.57,0.875186,5.41923,262.034
4.58,0.875835,5.42935,262.253
4.59,0.876481,5.43946,262.471
4.6,0.877124,5.44959,262.688
4.61,0.877763,5.45971,262.903
4.62,0.878399,5.46983,263.118
4.63,0.879033,5.47996,263.332
4.64,0.879663,5.49009,263.545
4.65,0.88029,5.50022,263.756
4.66,0.880914,5.51036,263.967
4.67,0.881535,5.5205,264.177
4.68,0.882153,5.53064,264.385
4.69,0.882768,5.54078,264.593
4.7,0.88338,5.55092,264.799
4.71,0.883989,5.56107,265.005
4.72,0.884595,5.57122,265.21
4.73,0.885199,5.58137,265.413
4.74,0.885799,5.59152,265.616
4.75,0.886396,5.60168,265.818
4.76,0.886991,5.61184,266.018
4.77,0.887582,5.622,266.218
4.78,0.888171,5.63216,266.417
4.79,0.888757,5.64233,266.615
4.8,0.88934,5.6525,266.811
4.81,0.88992,5.66267,267.007
4.82,0.890498,5.67284,267.202
4.83,0.891072,5.68301,267.396
4.84,0.891644,5.69319,267.589
4.85,0.892213,5.70337,267.781
4.86,0.892779,5.71356,267.972
4.87,0.893343,5.72374,268.163
4.88,0.893903,5.73393,268.352
4.89,0.894461,5.74412,268.54
4.9,0.895017,5.75431,268.728
4.91,0.895569,5.7645,268.914
4.92,0.896119,5.7747,269.1
4.93,0.896666,5.7849,269.284
4.94,0.89721,5.7951,269.468
4.95,0.897751,5.80531,269.651
4.96,0.89829,5.81551,269.833
4.97,0.898826,5.82572,270.014
4.98,0.89936,5.83593,270.194
4.99,0.89989,5.84615,270.373
5,0.900419,5.85636,270.551
5.01,0.900944,5.86658,270.729
5.02,0.901467,5.8768,270.905
5.03,0.901987,5.88703,271.081
5.04,0.902505,5.89725,271.256
5.05,0.90302,5.90748,271.429
5.06,0.903532,5.91771,271.602
5.07,0.904042,5.92794,271.775
5.08,0.904549,5.93818,271.946
5.09,0.905054,5.94842,272.116
5.1,0.905556,5.95866,272.286
5.11,0.906056,5.9689,272.455
5.12,0.906553,5.97915,272.622
5.13,0.907047,5.98939,272.79
5.14,0.90754,5.99965,272.956
5.15,0.908029,6.0099,273.121
5.16,0.908516,6.02015,273.286
5.17,0.909001,6.03041,273.449
5.18,0.909483,6.04067,273.612
5.19,0.909963,6.05093,273.774
5.2,0.91044,6.0612,273.936
5.21,0.910915,6.07147,274.096
5.22,0.911388,6.08174,274.256
5.23,0.911858,6.09201,274.414
5.24,0.912326,6.10228,274.572
5.25,0.912792,6.11256,274.73
5.26,0.913255,6.12284,274.886
5.27,0.913716,6.13312,275.042
5.28,0.914174,6.14341,275.197
5.29,0.91463,6.1537,275.351
5.3,0.915084,6.16399,275.504
5.31,0.915536,6.17428,275.657
5.32,0.915985,6.18457,275.809
5.33,0.916433,6.19487,275.96
5.34,0.916878,6.20517,276.11
5.35,0.91732,6.21547,276.26
5.36,0.917761,6.22578,276.409
5.37,0.918199,6.23609,276.557
5.38,0.918635,6.2464,276.704
5.39,0.919069,6.25671,276.851
5.4,0.919501,6.26702,276.997
5.41,0.919931,6.27734,277.142
5.42,0.920358,6.28766,277.286
5.43,0.920784,6.29798,277.43
5.44,0.921207,6.30831,277.573
5.45,0.921628,6.31864,277.715
5.46,0.922047,6.32897,277.857
5.47,0.922464,6.3393,277.998
5.48,0.922879,6.34963,278.138
5.49,0.923292,6.35997,278.277
5.5,0.923703,6.37031,278.416
5.51,0.924112,6.38066,278.554
5.52,0.924518,6.391,278.692
5.53,0.924923,6.40135,278.828
5.54,0.925326,6.4117,278.964
5.55,0.925726,6.42205,279.1
5.56,0.926125,6.43241,279.234
5.57,0.926521,6.44277,279.368
5.58,0.926916,6.45313,279.501
5.59,0.927309,6.46349,279.634
5.6,0.927699,6.47386,279.766
5.61,0.928088,6.48422,279.897
5.62,0.928475,6.4946,280.028
5.63,0.92886,6.50497,280.158
5.64,0.929242,6.51535,280.287
5.65,0.929623,6.52572,280.416
5.66,0.930002,6.53611,280.544
5.67,0.930379,6.54649,280.671
5.68,0.930755,6.55688,280.798
5.69,0.931128,6.56727,280.924
5.7,0.931499,6.57766,281.05
5.71,0.931869,6.58805,281.174
5.72,0.932236,6.59845,281.298
5.73,0.932602,6.60885,281.422
5.74,0.932966,6.61925,281.545
5.75,0.933328,6.62965,281.667
5.76,0.933688,6.64006,281.789
5.77,0.934047,6.65047,281.91
5.78,0.934403,6.66089,282.03
5.79,0.934758,6.6713,282.15
5.8,0.935111,6.68172,282.269
5.81,0.935462,6.69214,282.388
5.82,0.935811,6.70256,282.506
5.83,0.936159,6.71299,282.623
5.84,0.936504,6.72342,282.74
5.85,0.936848,6.73385,282.856
5.86,0.937191,6.74428,282.972
5.87,0.937531,6.75472,283.087
5.88,0.93787,6.76516,283.201
5.89,0.938207,6.7756,283.315
5.9,0.938542,6.78604,283.428
5.91,0.938875,6.79649,283.541
5.92,0.939207,6.80694,283.653
5.93,0.939537,6.81739,283.764
5.94,0.939866,6.82785,283.875
5.95,0.940193,6.83831,283.985
5.96,0.940518,6.84877,284.095
5.97,0.940841,6.85923,284.204
5.98,0.941163,6.86969,284.313
5.99,0.941483,6.88016,284.421
6,0.941802,6.89063,284.529
6.01,0.942118,6.90111,284.636
6.02,0.942434,6.91159,284.742
6.03,0.942747,6.92206,284.848
6.04,0.943059,6.93255,284.953
6.05,0.94337,6.94303,285.058
6.06,0.943679,6.95352,285.163
6.07,0.943986,6.96401,285.266
6.08,0.944292,6.9745,285.37
6.09,0.944596,6.985,285.472
6.1,0.944898,6.9955,285.574
6.11,0.945199,7.006,285.676
6.12,0.945499,7.0165,285.777
6.13,0.945797,7.02701,285.878
6.14,0.946093,7.03752,285.978
6.15,0.946388,7.04803,286.077
6.16,0.946682,7.05854,286.177
6.17,0.946974,7.06906,286.275
6.18,0.947264,7.07958,286.373
6.19,0.947553,7.09011,286.471
6.2,0.947841,7.10063,286.568
6.21,0.948127,7.11116,286.664
6.22,0.948411,7.12169,286.76
6.23,0.948695,7.13223,286.856
6.24,0.948976,7.14276,286.951
6.25,0.949257,7.1533,287.046
6.26,0.949535,7.16385,287.14
6.27,0.949813,7.17439,287.233
6.28,0.950089,7.18494,287.326
6.29,0.950363,7.19549,287.419
6.3,0.950636,7.20604,287.511
6.31,0.950908,7.2166,287.603
6.32,0.951179,7.22716,287.694
6.33,0.951448,7.23772,287.785
6.34,0.951715,7.24829,287.875
6.35,0.951981,7.25885,287.965
6.36,0.952246,7.26943,288.054
6.37,0.95251,7.28,288.143
6.38,0.952772,7.29058,288.232
6.39,0.953033,7.30115,288.32
6.4,0.953292,7.31174,288.407
6.41,0.95355,7.32232,288.494
6.42,0.953807,7.33291,288.581
6.43,0.954063,7.3435,288.667
6.44,0.954317,7.35409,288.753
6.45,0.954569,7.36469,288.838
6.46,0.954821,7.37529,288.923
6.47,0.955071,7.38589,289.007
6.48,0.95532,7.3965,289.091
6.49,0.955568,7.4071,289.175
6.5,0.955814,7.41771,289.258
6.51,0.956059,7.42833,289.341
6.52,0.956303,7.43894,289.423
6.53,0.956546,7.44956,289.505
6.54,0.956787,7.46019,289.586
6.55,0.957027,7.47081,289.667
6.56,0.957266,7.48144,289.747
6.57,0.957503,7.49207,289.828
6.58,0.957739,7.5027,289.907
6.59,0.957975,7.51334,289.986
6.6,0.958208,7.52398,290.065
6.61,0.958441,7.53462,290.144
6.62,0.958672,7.54527,290.222
6.63,0.958903,7.55592,290.299
6.64,0.959132,7.56657,290.377
6.65,0.95936,7.57722,290.453
6.66,0.959586,7.58788,290.53
6.67,0.959812,7.59854,290.606
6.68,0.960036,7.6092,290.681
6.69,0.960259,7.61987,290.757
6.7,0.960481,7.63054,290.831
6.71,0.960702,7.64121,290.906
6.72,0.960921,7.65188,290.98
6.73,0.96114,7.66256,291.053
6.74,0.961357,7.67324,291.127
6.75,0.961573,7.68393,291.2
6.76,0.961789,7.69461,291.272
6.77,0.962003,7.7053,291.344
6.78,0.962215,7.716,291.416
6.79,0.962427,7.72669,291.487
6.8,0.962638,7.73739,291.558
6.81,0.962847,7.74809,291.629
6.82,0.963056,7.7588,291.699
6.83,0.963263,7.76951,291.769
6.84,0.96347,7.78022,291.838
6.85,0.963675,7.79093,291.907
6.86,0.963879,7.80165,291.976
6.87,0.964082,7.81237,292.045
6.88,0.964284,7.82309,292.113
6.89,0.964485,7.83382,292.18
6.9,0.964685,7.84455,292.248
6.91,0.964884,7.85528,292.315
6.92,0.965082,7.86601,292.381
6.93,0.965278,7.87675,292.448
6.94,0.965474,7.88749,292.514
6.95,0.965669,7.89824,292.579
6.96,0.965863,7.90899,292.644
6.97,0.966055,7.91974,292.709
6.98,0.966247,7.93049,292.774
6.99,0.966438,7.94125,292.838
7,0.966628,7.95201,292.902
7.01,0.966816,7.96277,292.965
7.02,0.967004,7.97353,293.029
7.03,0.967191,7.9843,293.091
7.04,0.967377,7.99508,293.154
7.05,0.967562,8.00585,293.216
7.06,0.967745,8.01663,293.278
7.07,0.967928,8.02741,293.34
7.08,0.96811,8.0382,293.401
7.09,0.968291,8.04898,293.462
7.1,0.968471,8.05977,293.522
7.11,0.96865,8.07057,293.583
7.12,0.968829,8.08137,293.643
7.13,0.969006,8.09217,293.702
7.14,0.969182,8.10297,293.761
7.15,0.969357,8.11378,293.82
7.16,0.969532,8.12459,293.879
7.17,0.969705,8.1354,293.937
7.18,0.969878,8.14622,293.996
7.19,0.97005,8.15703,294.053
7.2,0.970221,8.16786,294.111
7.21,0.970391,8.17868,294.168
7.22,0.97056,8.18951,294.225
7.23,0.970728,8.20034,294.281
7.24,0.970895,8.21118,294.337
7.25,0.971061,8.22202,294.393
7.26,0.971227,8.23286,294.449
7.27,0.971391,8.2437,294.504
7.28,0.971555,8.25455,294.559
7.29,0.971718,8.2654,294.614
7.3,0.97188,8.27626,294.668
7.31,0.972041,8.28711,294.723
7.32,0.972201,8.29798,294.776
7.33,0.972361,8.30884,294.83
7.34,0.972519,8.31971,294.883
7.35,0.972677,8.33058,294.936
7.36,0.972834,8.34145,294.989
7.37,0.97299,8.35233,295.042
7.38,0.973146,8.36321,295.094
7.39,0.9733,8.37409,295.146
7.4,0.973454,8.38498,295.197
7.41,0.973606,8.39587,295.248
7.42,0.973758,8.40676,295.299
7.43,0.97391,8.41766,295.35
7.44,0.97406,8.42856,295.401
7.45,0.97421,8.43946,295.451
7.46,0.974358,8.45037,295.501
7.47,0.974506,8.46128,295.551
7.48,0.974654,8.47219,295.6
7.49,0.9748,8.48311,295.649
7.5,0.974946,8.49403,295.698
7.51,0.97509,8.50495,295.747
7.52,0.975235,8.51588,295.795
7.53,0.975378,8.52681,295.843
7.54,0.97552,8.53774,295.891
7.55,0.975662,8.54868,295.939
7.56,0.975803,8.55962,295.986
7.57,0.975944,8.57056,296.033
7.58,0.976083,8.58151,296.08
7.59,0.976222,8.59246,296.126
7.6,0.97636,8.60341,296.173
7.61,0.976497,8.61437,296.219
7.62,0.976634,8.62533,296.265
7.63,0.97677,8.63629,296.31
7.64,0.976905,8.64726,296.355
7.65,0.977039,8.65823,296.401
7.66,0.977173,8.6692,296.445
7.67,0.977306,8.68018,296.49
7.68,0.977438,8.69116,296.534
7.69,0.97757,8.70214,296.578
7.7,0.977701,8.71313,296.622
7.71,0.977831,8.72412,296.666
7.72,0.977961,8.73512,296.709
7.73,0.978089,8.74611,296.753
7.74,0.978218,8.75712,296.795
7.75,0.978345,8.76812,296.838
7.76,0.978472,8.77913,296.881
7.77,0.978598,8.79014,296.923
7.78,0.978723,8.80115,296.965
7.79,0.978848,8.81217,297.007
7.8,0.978972,8.82319,297.048
7.81,0.979095,8.83422,297.09
7.82,0.979218,8.84525,297.131
7.83,0.97934,8.85628,297.172
7.84,0.979462,8.86731,297.212
7.85,0.979582,8.87835,297.253
7.86,0.979703,8.8894,297.293
7.87,0.979822,8.90044,297.333
7.88,0.979941,8.91149,297.373
7.89,0.980059,8.92255,297.412
7.9,0.980177,8.9336,297.452
7.91,0.980294,8.94466,297.491
7.92,0.98041,8.95573,297.53
7.93,0.980526,8.96679,297.568
7.94,0.980641,8.97786,297.607
7.95,0.980755,8.98894,297.645
7.96,0.980869,9.00002,297.683
7.97,0.980982,9.0111,297.721
7.98,0.981095,9.02218,297.759
7.99,0.981207,9.03327,297.796
8,0.981318,9.04436,297.833
8.01,0.981429,9.05546,297.87
8.02,0.98154,9.06656,297.907
8.03,0.981649,9.07766,297.944
8.04,0.981758,9.08877,297.98
8.05,0.981867,9.09988,298.017
8.06,0.981975,9.11099,298.053
8.07,0.982082,9.12211,298.089
8.08,0.982189,9.13323,298.124
8.09,0.982295,9.14435,298.16
8.1,0.9824,9.15548,298.195
8.11,0.982505,9.16661,298.23
8.12,0.98261,9.17775,298.265
8.13,0.982713,9.18889,298.299
8.14,0.982817,9.20003,298.334
8.15,0.98292,9.21118,298.368
8.16,0.983022,9.22233,298.402
8.17,0.983123,9.23348,298.436
8.18,0.983224,9.24464,298.47
8.19,0.983325,9.2558,298.504
8.2,0.983425,9.26696,298.537
8.21,0.983524,9.27813,298.57
8.22,0.983623,9.2893,298.603
8.23,0.983722,9.30048,298.636
8.24,0.983819,9.31166,298.669
8.25,0.983917,9.32284,298.701
8.26,0.984014,9.33403,298.733
8.27,0.98411,9.34522,298.765
8.28,0.984205,9.35641,298.797
8.29,0.984301,9.36761,298.829
8.3,0.984395,9.37881,298.861
8.31,0.98449,9.39002,298.892
8.32,0.984583,9.40123,298.923
8.33,0.984676,9.41244,298.954
8.34,0.984769,9.42366,298.985
8.35,0.984861,9.43488,299.016
8.36,0.984953,9.4461,299.046
8.37,0.985044,9.45733,299.077
8.38,0.985134,9.46856,299.107
8.39,0.985225,9.4798,299.137
8.4,0.985314,9.49104,299.167
8.41,0.985403,9.50228,299.196
8.42,0.985492,9.51353,299.226
8.43,0.98558,9.52478,299.255
8.44,0.985668,9.53603,299.284
8.45,0.985755,9.54729,299.313
8.46,0.985842,9.55855,299.342
8.47,0.985928,9.56982,299.371
8.48,0.986014,9.58109,299.4
8.49,0.986099,9.59236,299.428
8.5,0.986184,9.60364,299.456
8.51,0.986269,9.61492,299.484
8.52,0.986352,9.62621,299.512
8.53,0.986436,9.6375,299.54
8.54,0.986519,9.64879,299.567
8.55,0.986602,9.66009,299.595
8.56,0.986684,9.67139,299.622
8.57,0.986765,9.68269,299.649
8.58,0.986847,9.694,299.676
8.59,0.986927,9.70531,299.703
8.6,0.987008,9.71663,299.73
8.61,0.987088,9.72795,299.756
8.62,0.987167,9.73927,299.783
8.63,0.987246,9.7506,299.809
8.64,0.987325,9.76193,299.835
8.65,0.987403,9.77327,299.861
8.66,0.987481,9.78461,299.887
8.67,0.987558,9.79595,299.912
8.68,0.987635,9.8073,299.938
8.69,0.987711,9.81865,299.963
8.7,0.987787,9.83001,299.989
8.71,0.987863,9.84137,300.014
8.72,0.987938,9.85273,300.039
8.73,0.988013,9.8641,300.063
8.74,0.988087,9.87547,300.088
8.75,0.988161,9.88685,300.113
8.76,0.988235,9.89823,300.137
8.77,0.988308,9.90961,300.161
8.78,0.988381,9.921,300.185
8.79,0.988453,9.93239,300.209
8.8,0.988525,9.94379,300.233
8.81,0.988597,9.95519,300.257
8.82,0.988668,9.96659,300.28
8.83,0.988739,9.978,300.304
8.84,0.988809,9.98941,300.327
8.85,0.988879,10.0008,300.35
8.86,0.988949,10.0122,300.373
8.87,0.989018,10.0237,300.396
8.88,0.989087,10.0351,300.419
8.89,0.989155,10.0465,300.442
8.9,0.989223,10.058,300.464
8.91,0.989291,10.0694,300.487
8.92,0.989359,10.0809,300.509
8.93,0.989425,10.0923,300.531
8.94,0.989492,10.1038,300.553
8.95,0.989558,10.1152,300.575
8.96,0.989624,10.1267,300.597
8.97,0.98969,10.1381,300.618
8.98,0.989755,10.1496,300.64
8.99,0.98982,10.1611,300.661
9,0.989884,10.1726,300.682
9.01,0.989948,10.184,300.704
9.02,0.990012,10.1955,300.725
9.03,0.990075,10.207,300.745
9.04,0.990138,10.2185,300.766
9.05,0.990201,10.23,300.787
9.06,0.990263,10.2415,300.807
9.07,0.990325,10.253,300.828
9.08,0.990387,10.2645,300.848
9.09,0.990448,10.276,300.868
9.1,0.990509,10.2876,300.889
9.11,0.99057,10.2991,300.908
9.12,0.99063,10.3106,300.928
9.13,0.99069,10.3221,300.948
9.14,0.99075,10.3337,300.968
9.15,0.990809,10.3452,300.987
9.16,0.990868,10.3568,301.007
9.17,0.990926,10.3683,301.026
9.18,0.990985,10.3799,301.045
9.19,0.991043,10.3914,301.064
9.2,0.9911,10.403,301.083
9.21,0.991157,10.4146,301.102
9.22,0.991214,10.4261,301.121
9.23,0.991271,10.4377,301.139
9.24,0.991327,10.4493,301.158
9.25,0.991384,10.4609,301.176
9.26,0.991439,10.4725,301.194
9.27,0.991495,10.484,301.213
9.28,0.99155,10.4956,301.231
9.29,0.991605,10.5072,301.249
9.3,0.991659,10.5188,301.267
9.31,0.991713,10.5305,301.284
9.32,0.991767,10.5421,301.302
9.33,0.991821,10.5537,301.32
9.34,0.991874,10.5653,301.337
9.35,0.991927,10.5769,301.354
9.36,0.991979,10.5886,301.372
9.37,0.992032,10.6002,301.389
9.38,0.992084,10.6118,301.406
9.39,0.992136,10.6235,301.423
9.4,0.992187,10.6351,301.44
9.41,0.992238,10.6468,301.457
9.42,0.992289,10.6584,301.473
9.43,0.99234,10.6701,301.49
9.44,0.99239,10.6818,301.506
9.45,0.99244,10.6934,301.523
9.46,0.99249,10.7051,301.539
9.47,0.99254,10.7168,301.555
9.48,0.992589,10.7285,301.571
9.49,0.992638,10.7402,301.587
9.5,0.992686,10.7519,301.603
9.51,0.992735,10.7636,301.619
9.52,0.992783,10.7753,301.635
9.53,0.992831,10.787,301.65
9.54,0.992878,10.7987,301.666
9.55,0.992926,10.8104,301.681
9.56,0.992973,10.8221,301.697
9.57,0.993019,10.8338,301.712
9.58,0.993066,10.8456,301.727
9.59,0.993112,10.8573,301.742
9.6,0.993158,10.869,301.757
9.61,0.993204,10.8808,301.772
9.62,0.993249,10.8925,301.787
9.63,0.993295,10.9043,301.801
9.64,0.99334,10.916,301.816
9.65,0.993384,10.9278,301.831
9.66,0.993429,10.9396,301.845
9.67,0.993473,10.9513,301.859
9.68,0.993517,10.9631,301.874
9.69,0.993561,10.9749,301.888
9.7,0.993604,10.9867,301.902
9.71,0.993647,10.9985,301.916
9.72,0.99369,11.0103,301.93
9.73,0.993733,11.0221,301.944
9.74,0.993776,11.0339,301.958
9.75,0.993818,11.0457,301.972
9.76,0.99386,11.0575,301.985
9.77,0.993902,11.0693,301.999
9.78,0.993943,11.0811,302.012
9.79,0.993985,11.093,302.026
9.8,0.994026,11.1048,302.039
9.81,0.994067,11.1166,302.052
9.82,0.994107,11.1285,302.065
9.83,0.994148,11.1403,302.078
9.84,0.994188,11.1522,302.091
9.85,0.994228,11.164,302.104
9.86,0.994267,11.1759,302.117
9.87,0.994307,11.1877,302.13
9.88,0.994346,11.1996,302.143
9.89,0.994385,11.2115,302.155
9.9,0.994424,11.2234,302.168
9.91,0.994463,11.2352,302.18
9.92,0.994501,11.2471,302.193
9.93,0.994539,11.259,302.205
9.94,0.994577,11.2709,302.217
9.95,0.994615,11.2828,302.229
9.96,0.994652,11.2947,302.241
9.97,0.99469,11.3066,302.253
9.98,0.994727,11.3186,302.265
9.99,0.994764,11.3305,302.277
10,0.9948,11.3424,302.289
10.01,0.994837,11.3543,302.301
10.02,0.994873,11.3663,302.312
10.03,0.994909,11.3782,302.324
10.04,0.994945,11.3902,302.336
10.05,0.994981,11.4021,302.347
10.06,0.995016,11.4141,302.358
10.07,0.995052,11.426,302.37
10.08,0.995087,11.438,302.381
10.09,0.995121,11.45,302.392
10.1,0.995156,11.4619,302.403
10.11,0.995191,11.4739,302.414
10.12,0.995225,11.4859,302.425
10.13,0.995259,11.4979,302.436
10.14,0.995293,11.5099,302.447
10.15,0.995326,11.5219,302.458
10.16,0.99536,11.5339,302.468
10.17,0.995393,11.5459,302.479
10.18,0.995426,11.5579,302.49
10.19,0.995459,11.5699,302.5
10.2,0.995492,11.5819,302.511
10.21,0.995524,11.594,302.521
10.22,0.995557,11.606,302.531
10.23,0.995589,11.6181,302.541
10.24,0.995621,11.6301,302.552
10.25,0.995653,11.6421,302.562
10.26,0.995684,11.6542,302.572
10.27,0.995716,11.6663,302.582
10.28,0.995747,11.6783,302.592
10.29,0.995778,11.6904,302.602
10.3,0.995809,11.7025,302.611
10.31,0.99584,11.7145,302.621
10.32,0.99587,11.7266,302.631
10.33,0.9959,11.7387,302.64
10.34,0.995931,11.7508,302.65
10.35,0.99596,11.7629,302.66
10.36,0.99599,11.775,302.669
10.37,0.99602,11.7871,302.678
10.38,0.996049,11.7993,302.688
10.39,0.996079,11.8114,302.697
10.4,0.996108,11.8235,302.706
10.41,0.996137,11.8356,302.715
10.42,0.996165,11.8478,302.724
10.43,0.996194,11.8599,302.733
10.44,0.996222,11.8721,302.742
10.45,0.996251,11.8842,302.751
10.46,0.996279,11.8964,302.76
10.47,0.996307,11.9085,302.769
10.48,0.996334,11.9207,302.778
10.49,0.996362,11.9329,302.786
10.5,0.996389,11.945,302.795
10.51,0.996417,11.9572,302.804
10.52,0.996444,11.9694,302.812
10.53,0.996471,11.9816,302.82
10.54,0.996497,11.9938,302.829
10.55,0.996524,12.006,302.837
10.56,0.99655,12.0182,302.846
10.57,0.996577,12.0304,302.854
10.58,0.996603,12.0427,302.862
10.59,0.996629,12.0549,302.87
10.6,0.996654,12.0671,302.878
10.61,0.99668,12.0793,302.886
10.62,0.996706,12.0916,302.894
10.63,0.996731,12.1038,302.902
10.64,0.996756,12.1161,302.91
10.65,0.996781,12.1283,302.918
10.66,0.996806,12.1406,302.925
10.67,0.996831,12.1529,302.933
10.68,0.996855,12.1651,302.941
10.69,0.996879,12.1774,302.948
10.7,0.996904,12.1897,302.956
10.71,0.996928,12.202,302.963
10.72,0.996952,12.2143,302.971
10.73,0.996975,12.2266,302.978
10.74,0.996999,12.2389,302.986
10.75,0.997023,12.2512,302.993
10.76,0.997046,12.2635,303
10.77,0.997069,12.2758,303.007
10.78,0.997092,12.2882,303.014
10.79,0.997115,12.3005,303.022
10.8,0.997138,12.3128,303.029
10.81,0.99716,12.3252,303.036
10.82,0.997183,12.3375,303.043
10.83,0.997205,12.3499,303.049
10.84,0.997227,12.3622,303.056
10.85,0.997249,12.3746,303.063
10.86,0.997271,12.387,303.07
10.87,0.997293,12.3994,303.077
10.88,0.997315,12.4117,303.083
10.89,0.997336,12.4241,303.09
10.9,0.997357,12.4365,303.096
10.91,0.997379,12.4489,303.103
10.92,0.9974,12.4613,303.109
10.93,0.997421,12.4737,303.116
10.94,0.997441,12.4862,303.122
10.95,0.997462,12.4986,303.129
10.96,0.997483,12.511,303.135
10.97,0.997503,12.5234,303.141
10.98,0.997523,12.5359,303.147
10.99,0.997543,12.5483,303.154
11,0.997563,12.5608,303.16
11.01,0.997583,12.5732,303.166
11.02,0.997603,12.5857,303.172
11.03,0.997622,12.5982,303.178
11.04,0.997642,12.6106,303.184
11.05,0.997661,12.6231,303.19
11.06,0.99768,12.6356,303.196
11.07,0.997699,12.6481,303.201
11.08,0.997718,12.6606,303.207
11.09,0.997737,12.6731,303.213
11.1,0.997756,12.6856,303.219
11.11,0.997774,12.6981,303.224
11.12,0.997793,12.7106,303.23
11.13,0.997811,12.7231,303.235
11.14,0.997829,12.7357,303.241
11.15,0.997847,12.7482,303.246
11.16,0.997865,12.7607,303.252
11.17,0.997883,12.7733,303.257
11.18,0.997901,12.7858,303.263
11.19,0.997919,12.7984,303.268
11.2,0.997936,12.811,303.273
11.21,0.997953,12.8235,303.279
11.22,0.997971,12.8361,303.284
11.23,0.997988,12.8487,303.289
11.24,0.998005,12.8613,303.294
11.25,0.998022,12.8739,303.299
11.26,0.998038,12.8865,303.304
11.27,0.998055,12.8991,303.309
11.28,0.998071,12.9117,303.314
11.29,0.998088,12.9243,303.319
11.3,0.998104,12.9369,303.324
11.31,0.99812,12.9496,303.329
11.32,0.998136,12.9622,303.334
11.33,0.998152,12.9748,303.339
11.34,0.998168,12.9875,303.343
11.35,0.998184,13.0001,303.348
11.36,0.9982,13.0128,303.353
11.37,0.998215,13.0255,303.357
11.38,0.998231,13.0381,303.362
11.39,0.998246,13.0508,303.367
11.4,0.998261,13.0635,303.371
11.41,0.998276,13.0762,303.376
11.42,0.998291,13.0889,303.38
11.43,0.998306,13.1016,303.385
11.44,0.998321,13.1143,303.389
11.45,0.998335,13.127,303.393
11.46,0.99835,13.1397,303.398
11.47,0.998364,13.1524,303.402
11.48,0.998379,13.1652,303.406
11.49,0.998393,13.1779,303.41
11.5,0.998407,13.1906,303.415
11.51,0.998421,13.2034,303.419
11.52,0.998435,13.2162,303.423
11.53,0.998449,13.2289,303.427
11.54,0.998463,13.2417,303.431
11.55,0.998476,13.2545,303.435
11.56,0.99849,13.2672,303.439
11.57,0.998503,13.28,303.443
11.58,0.998516,13.2928,303.447
11.59,0.99853,13.3056,303.451
11.6,0.998543,13.3184,303.455
11.61,0.998556,13.3312,303.459
11.62,0.998569,13.344,303.463
11.63,0.998582,13.3569,303.466
11.64,0.998594,13.3697,303.47
11.65,0.998607,13.3825,303.474
11.66,0.99862,13.3954,303.478
11.67,0.998632,13.4082,303.481
11.68,0.998645,13.4211,303.485
11.69,0.998657,13.4339,303.489
11.7,0.998669,13.4468,303.492
11.71,0.998681,13.4597,303.496
11.72,0.998693,13.4726,303.499
11.73,0.998705,13.4855,303.503
11.74,0.998717,13.4983,303.506
11.75,0.998729,13.5112,303.51
11.76,0.99874,13.5242,303.513
11.77,0.998752,13.5371,303.516
11.78,0.998763,13.55,303.52
11.79,0.998775,13.5629,303.523
11.8,0.998786,13.5758,303.526
11.81,0.998797,13.5888,303.53
11.82,0.998808,13.6017,303.533
11.83,0.998819,13.6147,303.536
11.84,0.99883,13.6276,303.539
11.85,0.998841,13.6406,303.542
11.86,0.998852,13.6536,303.546
11.87,0.998863,13.6665,303.549
11.88,0.998873,13.6795,303.552
11.89,0.998884,13.6925,303.555
11.9,0.998894,13.7055,303.558
11.91,0.998905,13.7185,303.561
11.92,0.998915,13.7315,303.564
11.93,0.998925,13.7445,303.567
11.94,0.998935,13.7576,303.57
11.95,0.998946,13.7706,303.573
11.96,0.998956,13.7836,303.576
11.97,0.998965,13.7967,303.578
11.98,0.998975,13.8097,303.581
11.99,0.998985,13.8228,303.584
12,0.998995,13.8358,303.587
12.01,0.999004,13.8489,303.59
12.02,0.999014,13.862,303.592
12.03,0.999023,13.8751,303.595
12.04,0.999033,13.8881,303.598
12.05,0.999042,13.9012,303.6
12.06,0.999051,13.9143,303.603
12.07,0.99906,13.9275,303.606
12.08,0.999069,13.9406,303.608
12.09,0.999078,13.9537,303.611
12.1,0.999087,13.9668,303.613
12.11,0.999096,13.98,303.616
12.12,0.999105,13.9931,303.618
12.13,0.999114,14.0062,303.621
12.14,0.999122,14.0194,303.623
12.15,0.999131,14.0326,303.626
12.16,0.999139,14.0457,303.628
12.17,0.999148,14.0589,303.631
12.18,0.999156,14.0721,303.633
12.19,0.999164,14.0853,303.635
12.2,0.999173,14.0985,303.638
12.21,0.999181,14.1117,303.64
12.22,0.999189,14.1249,303.642
12.23,0.999197,14.1381,303.645
12.24,0.999205,14.1513,303.647
12.25,0.999213,14.1646,303.649
12.26,0.999221,14.1778,303.651
12.27,0.999228,14.191,303.654
12.28,0.999236,14.2043,303.656
12.29,0.999244,14.2176,303.658
12.3,0.999251,14.2308,303.66
12.31,0.999259,14.2441,303.662
12.32,0.999266,14.2574,303.664
12.33,0.999274,14.2707,303.666
12.34,0.999281,14.2839,303.668
12.35,0.999288,14.2972,303.67
12.36,0.999295,14.3106,303.672
12.37,0.999303,14.3239,303.674
12.38,0.99931,14.3372,303.676
12.39,0.999317,14.3505,303.678
12.4,0.999324,14.3639,303.68
12.41,0.99933,14.3772,303.682
12.42,0.999337,14.3905,303.684
12.43,0.999344,14.4039,303.686
12.44,0.999351,14.4173,303.688
12.45,0.999357,14.4306,303.69
12.46,0.999364,14.444,303.692
12.47,0.999371,14.4574,303.693
12.48,0.999377,14.4708,303.695
12.49,0.999384,14.4842,303.697
12.5,0.99939,14.4976,303.699
12.51,0.999396,14.511,303.701
12.52,0.999403,14.5244,303.702
12.53,0.999409,14.5379,303.704
12.54,0.999415,14.5513,303.706
12.55,0.999421,14.5647,303.707
12.56,0.999427,14.5782,303.709
12.57,0.999433,14.5916,303.711
12.58,0.999439,14.6051,303.712
12.59,0.999445,14.6186,303.714
12.6,0.999451,14.6321,303.716
12.61,0.999457,14.6455,303.717
12.62,0.999462,14.659,303.719
12.63,0.999468,14.6725,303.72
12.64,0.999474,14.686,303.722
12.65,0.999479,14.6996,303.723
12.66,0.999485,14.7131,303.725
12.67,0.99949,14.7266,303.726
12.68,0.999496,14.7402,303.728
12.69,0.999501,14.7537,303.729
12.7,0.999506,14.7673,303.731
12.71,0.999512,14.7808,303.732
12.72,0.999517,14.7944,303.734
12.73,0.999522,14.808,303.735
12.74,0.999527,14.8215,303.737
12.75,0.999532,14.8351,303.738
12.76,0.999537,14.8487,303.739
12.77,0.999542,14.8623,303.741
12.78,0.999547,14.8759,303.742
12.79,0.999552,14.8896,303.743
12.8,0.999557,14.9032,303.745
12.81,0.999562,14.9168,303.746
12.82,0.999567,14.9305,303.747
12.83,0.999572,14.9441,303.749
12.84,0.999576,14.9578,303.75
12.85,0.999581,14.9714,303.751
12.86,0.999585,14.9851,303.752
12.87,0.99959,14.9988,303.754
12.88,0.999595,15.0125,303.755
12.89,0.999599,15.0262,303.756
12.9,0.999603,15.0399,303.757
12.91,0.999608,15.0536,303.758
12.92,0.999612,15.0673,303.76
12.93,0.999617,15.081,303.761
12.94,0.999621,15.0948,303.762
12.95,0.999625,15.1085,303.763
12.96,0.999629,15.1223,303.764
12.97,0.999633,15.136,303.765
12.98,0.999638,15.1498,303.766
12.99,0.999642,15.1636,303.768
13,0.999646,15.1773,303.769
13.01,0.99965,15.1911,303.77
13.02,0.999654,15.2049,303.771
13.03,0.999658,15.2187,303.772
13.04,0.999661,15.2325,303.773
13.05,0.999665,15.2464,303.774
13.06,0.999669,15.2602,303.775
13.07,0.999673,15.274,303.776
13.08,0.999677,15.2879,303.777
13.09,0.99968,15.3017,303.778
13.1,0.999684,15.3156,303.779
13.11,0.999688,15.3294,303.78
13.12,0.999691,15.3433,303.781
13.13,0.999695,15.3572,303.782
13.14,0.999698,15.3711,303.783
13.15,0.999702,15.385,303.783
13.16,0.999705,15.3989,303.784
13.17,0.999709,15.4128,303.785
13.18,0.999712,15.4267,303.786
13.19,0.999715,15.4407,303.787
13.2,0.999719,15.4546,303.788
13.21,0.999722,15.4685,303.789
13.22,0.999725,15.4825,303.79
13.23,0.999728,15.4965,303.791
13.24,0.999732,15.5104,303.791
13.25,0.999735,15.5244,303.792
13.26,0.999738,15.5384,303.793
13.27,0.999741,15.5524,303.794
13.28,0.999744,15.5664,303.795
13.29,0.999747,15.5804,303.795
13.3,0.99975,15.5944,303.796
13.31,0.999753,15.6085,303.797
13.32,0.999756,15.6225,303.798
13.33,0.999759,15.6365,303.798
13.34,0.999762,15.6506,303.799
13.35,0.999765,15.6647,303.8
13.36,0.999767,15.6787,303.801
13.37,0.99977,15.6928,303.801
13.38,0.999773,15.7069,303.802
13.39,0.999776,15.721,303.803
13.4,0.999778,15.7351,303.804
13.41,0.999781,15.7492,303.804
13.42,0.999784,15.7633,303.805
13.43,0.999786,15.7774,303.806
13.44,0.999789,15.7916,303.806
13.45,0.999792,15.8057,303.807
13.46,0.999794,15.8199,303.808
13.47,0.999797,15.834,303.808
13.48,0.999799,15.8482,303.809
13.49,0.999802,15.8624,303.809
13.5,0.999804,15.8766,303.81
13.51,0.999806,15.8908,303.811
13.52,0.999809,15.905,303.811
13.53,0.999811,15.9192,303.812
13.54,0.999813,15.9334,303.813
13.55,0.999816,15.9476,303.813
13.56,0.999818,15.9619,303.814
13.57,0.99982,15.9761,303.814
13.58,0.999823,15.9904,303.815
13.59,0.999825,16.0046,303.815
13.6,0.999827,16.0189,303.816
13.61,0.999829,16.0332,303.817
13.62,0.999831,16.0475,303.817
13.63,0.999833,16.0618,303.818
13.64,0.999835,16.0761,303.818
13.65,0.999838,16.0904,303.819
13.66,0.99984,16.1047,303.819
13.67,0.999842,16.1191,303.82
13.68,0.999844,16.1334,303.82
13.69,0.999846,16.1478,303.821
13.7,0.999848,16.1621,303.821
13.71,0.99985,16.1765,303.822
13.72,0.999851,16.1909,303.822
13.73,0.999853,16.2052,303.823
13.74,0.999855,16.2196,303.823
13.75,0.999857,16.234,303.824
13.76,0.999859,16.2484,303.824
13.77,0.999861,16.2629,303.824
13.78,0.999863,16.2773,303.825
13.79,0.999864,16.2917,303.825
13.8,0.999866,16.3062,303.826
13.81,0.999868,16.3206,303.826
13.82,0.99987,16.3351,303.827
13.83,0.999871,16.3496,303.827
13.84,0.999873,16.3641,303.828
13.85,0.999875,16.3786,303.828
13.86,0.999876,16.3931,303.828
13.87,0.999878,16.4076,303.829
13.88,0.999879,16.4221,303.829
13.89,0.999881,16.4366,303.83
13.9,0.999883,16.4511,303.83
13.91,0.999884,16.4657,303.83
13.92,0.999886,16.4803,303.831
13.93,0.999887,16.4948,303.831
13.94,0.999889,16.5094,303.831
13.95,0.99989,16.524,303.832
13.96,0.999892,16.5386,303.832
13.97,0.999893,16.5532,303.832
13.98,0.999895,16.5678,303.833
13.99,0.999896,16.5824,303.833
14,0.999897,16.597,303.834
14.01,0.999899,16.6117,303.834
14.02,0.9999,16.6263,303.834
14.03,0.999901,16.641,303.835
14.04,0.999903,16.6556,303.835
14.05,0.999904,16.6703,303.835
14.06,0.999905,16.685,303.835
14.07,0.999907,16.6997,303.836
14.08,0.999908,16.7144,303.836
14.09,0.999909,16.7291,303.836
14.1,0.99991,16.7438,303.837
14.11,0.999912,16.7585,303.837
14.12,0.999913,16.7733,303.837
14.13,0.999914,16.788,303.838
14.14,0.999915,16.8028,303.838
14.15,0.999916,16.8176,303.838
14.16,0.999918,16.8323,303.838
14.17,0.999919,16.8471,303.839
14.18,0.99992,16.8619,303.839
14.19,0.999921,16.8767,303.839
14.2,0.999922,16.8915,303.84
14.21,0.999923,16.9064,303.84
14.22,0.999924,16.9212,303.84
14.23,0.999925,16.9361,303.84
14.24,0.999926,16.9509,303.841
14.25,0.999927,16.9658,303.841
14.26,0.999928,16.9806,303.841
14.27,0.999929,16.9955,303.841
14.28,0.99993,17.0104,303.842
14.29,0.999931,17.0253,303.842
14.3,0.999932,17.0402,303.842
14.31,0.999933,17.0552,303.842
14.32,0.999934,17.0701,303.842
14.33,0.999935,17.085,303.843
14.34,0.999936,17.1,303.843
14.35,0.999937,17.1149,303.843
14.36,0.999938,17.1299,303.843
14.37,0.999939,17.1449,303.844
14.38,0.99994,17.1599,303.844
14.39,0.999941,17.1749,303.844
14.4,0.999941,17.1899,303.844
14.41,0.999942,17.2049,303.844
14.42,0.999943,17.2199,303.845
14.43,0.999944,17.235,303.845
14.44,0.999945,17.25,303.845
14.45,0.999946,17.2651,303.845
14.46,0.999946,17.2802,303.845
14.47,0.999947,17.2952,303.845
14.48,0.999948,17.3103,303.846
14.49,0.999949,17.3254,303.846
14.5,0.999949,17.3405,303.846
14.51,0.99995,17.3557,303.846
14.52,0.999951,17.3708,303.846
14.53,0.999952,17.3859,303.847
14.54,0.999952,17.4011,303.847
14.55,0.999953,17.4162,303.847
14.56,0.999954,17.4314,303.847
14.57,0.999955,17.4466,303.847
14.58,0.999955,17.4618,303.847
14.59,0.999956,17.477,303.847
14.6,0.999957,17.4922,303.848
14.61,0.999957,17.5074,303.848
14.62,0.999958,17.5226,303.848
14.63,0.999958,17.5379,303.848
14.64,0.999959,17.5531,303.848
14.65,0.99996,17.5684,303.848
14.66,0.99996,17.5837,303.849
14.67,0.999961,17.599,303.849
14.68,0.999962,17.6142,303.849
14.69,0.999962,17.6295,303.849
14.7,0.999963,17.6449,303.849
14.71,0.999963,17.6602,303.849
14.72,0.999964,17.6755,303.849
14.73,0.999964,17.6909,303.849
14.74,0.999965,17.7062,303.85
14.75,0.999965,17.7216,303.85
14.76,0.999966,17.737,303.85
14.77,0.999967,17.7524,303.85
14.78,0.999967,17.7677,303.85
14.79,0.999968,17.7832,303.85
14.8,0.999968,17.7986,303.85
14.81,0.999969,17.814,303.85
14.82,0.999969,17.8294,303.851
14.83,0.99997,17.8449,303.851
14.84,0.99997,17.8604,303.851
14.85,0.99997,17.8758,303.851
14.86,0.999971,17.8913,303.851
14.87,0.999971,17.9068,303.851
14.88,0.999972,17.9223,303.851
14.89,0.999972,17.9378,303.851
14.9,0.999973,17.9534,303.851
14.91,0.999973,17.9689,303.851
14.92,0.999974,17.9844,303.852
14.93,0.999974,18,303.852
14.94,0.999974,18.0156,303.852
14.95,0.999975,18.0311,303.852
14.96,0.999975,18.0467,303.852
14.97,0.999976,18.0623,303.852
14.98,0.999976,18.0779,303.852
14.99,0.999976,18.0936,303.852
15,0.999977,18.1092,303.852
15.01,0.999977,18.1249,303.852
15.02,0.999978,18.1405,303.852
15.03,0.999978,18.1562,303.852
15.04,0.999978,18.1719,303.853
15.05,0.999979,18.1875,303.853
15.06,0.999979,18.2032,303.853
15.07,0.999979,18.219,303.853
15.08,0.99998,18.2347,303.853
15.09,0.99998,18.2504,303.853
15.1,0.99998,18.2662,303.853
15.11,0.999981,18.2819,303.853
15.12,0.999981,18.2977,303.853
15.13,0.999981,18.3135,303.853
15.14,0.999982,18.3292,303.853
15.15,0.999982,18.3451,303.853
15.16,0.999982,18.3609,303.853
15.17,0.999983,18.3767,303.853
15.18,0.999983,18.3925,303.854
15.19,0.999983,18.4084,303.854
15.2,0.999983,18.4242,303.854
15.21,0.999984,18.4401,303.854
15.22,0.999984,18.456,303.854
15.23,0.999984,18.4719,303.854
15.24,0.999984,18.4878,303.854
15.25,0.999985,18.5037,303.854
15.26,0.999985,18.5196,303.854
15.27,0.999985,18.5356,303.854
15.28,0.999986,18.5515,303.854
15.29,0.999986,18.5675,303.854
15.3,0.999986,18.5834,303.854
15.31,0.999986,18.5994,303.854
15.32,0.999986,18.6154,303.854
15.33,0.999987,18.6314,303.854
15.34,0.999987,18.6474,303.854
15.35,0.999987,18.6635,303.854
15.36,0.999987,18.6795,303.855
15.37,0.999988,18.6956,303.855
15.38,0.999988,18.7116,303.855
15.39,0.999988,18.7277,303.855
15.4,0.999988,18.7438,303.855
15.41,0.999988,18.7599,303.855
15.42,0.999989,18.776,303.855
15.43,0.999989,18.7921,303.855
15.44,0.999989,18.8083,303.855
15.45,0.999989,18.8244,303.855
15.46,0.999989,18.8406,303.855
15.47,0.99999,18.8568,303.855
15.48,0.99999,18.8729,303.855
15.49,0.99999,18.8891,303.855
15.5,0.99999,18.9053,303.855
15.51,0.99999,18.9216,303.855
15.52,0.999991,18.9378,303.855
15.53,0.999991,18.954,303.855
15.54,0.999991,18.9703,303.855
15.55,0.999991,18.9866,303.855
15.56,0.999991,19.0028,303.855
15.57,0.999991,19.0191,303.855
15.58,0.999992,19.0354,303.855
15.59,0.999992,19.0518,303.855
15.6,0.999992,19.0681,303.855
15.61,0.999992,19.0844,303.855
15.62,0.999992,19.1008,303.856
15.63,0.999992,19.1172,303.856
15.64,0.999992,19.1335,303.856
15.65,0.999993,19.1499,303.856
15.66,0.999993,19.1663,303.856
15.67,0.999993,19.1827,303.856
15.68,0.999993,19.1992,303.856
15.69,0.999993,19.2156,303.856
15.7,0.999993,19.2321,303.856
15.71,0.999993,19.2485,303.856
15.72,0.999993,19.265,303.856
15.73,0.999994,19.2815,303.856
15.74,0.999994,19.298,303.856
15.75,0.999994,19.3145,303.856
15.76,0.999994,19.331,303.856
15.77,0.999994,19.3476,303.856
15.78,0.999994,19.3641,303.856
15.79,0.999994,19.3807,303.856
15.8,0.999994,19.3973,303.856
15.81,0.999994,19.4139,303.856
15.82,0.999995,19.4305,303.856
15.83,0.999995,19.4471,303.856
15.84,0.999995,19.4637,303.856
15.85,0.999995,19.4804,303.856
15.86,0.999995,19.497,303.856
15.87,0.999995,19.5137,303.856
15.88,0.999995,19.5304,303.856
15.89,0.999995,19.5471,303.856
15.9,0.999995,19.5638,303.856
15.91,0.999995,19.5805,303.856
15.92,0.999996,19.5972,303.856
15.93,0.999996,19.614,303.856
15.94,0.999996,19.6307,303.856
15.95,0.999996,19.6475,303.856
15.96,0.999996,19.6643,303.856
15.97,0.999996,19.6811,303.856
15.98,0.999996,19.6979,303.856
15.99,0.999996,19.7147,303.856
16,0.999996,19.7316,303.856
16.01,0.999996,19.7484,303.856
16.02,0.999996,19.7653,303.856
16.03,0.999996,19.7821,303.856
16.04,0.999997,19.799,303.856
16.05,0.999997,19.8159,303.856
16.06,0.999997,19.8328,303.856
16.07,0.999997,19.8498,303.856
16.08,0.999997,19.8667,303.856
16.09,0.999997,19.8837,303.856
16.1,0.999997,19.9006,303.856
16.11,0.999997,19.9176,303.857
16.12,0.999997,19.9346,303.857
16.13,0.999997,19.9516,303.857
16.14,0.999997,19.9687,303.857
16.15,0.999997,19.9857,303.857
16.16,0.999997,20.0028,303.857
16.17,0.999997,20.0198,303.857
16.18,0.999997,20.0369,303.857
16.19,0.999997,20.054,303.857
16.2,0.999997,20.0711,303.857
16.21,0.999998,20.0882,303.857
16.22,0.999998,20.1053,303.857
16.23,0.999998,20.1225,303.857
16.24,0.999998,20.1396,303.857
16.25,0.999998,20.1568,303.857
16.26,0.999998,20.174,303.857
16.27,0.999998,20.1912,303.857
16.28,0.999998,20.2084,303.857
16.29,0.999998,20.2257,303.857
16.3,0.999998,20.2429,303.857
16.31,0.999998,20.2602,303.857
16.32,0.999998,20.2774,303.857
16.33,0.999998,20.2947,303.857
16.34,0.999998,20.312,303.857
16.35,0.999998,20.3293,303.857
16.36,0.999998,20.3467,303.857
16.37,0.999998,20.364,303.857
16.38,0.999998,20.3813,303.857
16.39,0.999998,20.3987,303.857
16.4,0.999998,20.4161,303.857
16.41,0.999998,20.4335,303.857
16.42,0.999998,20.4509,303.857
16.43,0.999998,20.4683,303.857
16.44,0.999998,20.4858,303.857
16.45,0.999999,20.5032,303.857
16.46,0.999999,20.5207,303.857
16.47,0.999999,20.5382,303.857
16.48,0.999999,20.5557,303.857
16.49,0.999999,20.5732,303.857
16.5,0.999999,20.5907,303.857
16.51,0.999999,20.6083,303.857
16.52,0.999999,20.6258,303.857
16.53,0.999999,20.6434,303.857
16.54,0.999999,20.661,303.857
16.55,0.999999,20.6786,303.857
16.56,0.999999,20.6962,303.857
16.57,0.999999,20.7138,303.857
16.58,0.999999,20.7315,303.857
16.59,0.999999,20.7491,303.857
16.6,0.999999,20.7668,303.857
16.61,0.999999,20.7845,303.857
16.62,0.999999,20.8022,303.857
16.63,0.999999,20.8199,303.857
16.64,0.999999,20.8376,303.857
16.65,0.999999,20.8554,303.857
16.66,0.999999,20.8732,303.857
16.67,0.999999,20.8909,303.857
16.68,0.999999,20.9087,303.857
16.69,0.999999,20.9265,303.857
16.7,0.999999,20.9444,303.857
16.71,0.999999,20.9622,303.857
16.72,0.999999,20.98,303.857
16.73,0.999999,20.9979,303.857
16.74,0.999999,21.0158,303.857
16.75,0.999999,21.0337,303.857
16.76,0.999999,21.0516,303.857
16.77,0.999999,21.0695,303.857
16.78,0.999999,21.0875,303.857
16.79,0.999999,21.1054,303.857
16.8,0.999999,21.1234,303.857
16.81,0.999999,21.1414,303.857
16.82,0.999999,21.1594,303.857
16.83,0.999999,21.1774,303.857
16.84,0.999999,21.1955,303.857
16.85,0.999999,21.2135,303.857
16.86,0.999999,21.2316,303.857
16.87,0.999999,21.2497,303.857
16.88,0.999999,21.2678,303.857
16.89,0.999999,21.2859,303.857
16.9,0.999999,21.304,303.857
16.91,0.999999,21.3221,303.857
16.92,1,21.3403,303.857
16.93,1,21.3585,303.857
16.94,1,21.3767,303.857
16.95,1,21.3949,303.857
16.96,1,21.4131,303.857
16.97,1,21.4313,303.857
16.98,1,21.4496,303.857
16.99,1,21.4679,303.857
17,1,21.4862,303.857
17.01,1,21.5045,303.857
17.02,1,21.5228,303.857
17.03,1,21.5411,303.857
17.04,1,21.5595,303.857
17.05,1,21.5778,303.857
17.06,1,21.5962,303.857
17.07,1,21.6146,303.857
17.08,1,21.633,303.857
17.09,1,21.6515,303.857
17.1,1,21.6699,303.857
17.11,1,21.6884,303.857
17.12,1,21.7069,303.857
17.13,1,21.7253,303.857
17.14,1,21.7439,303.857
17.15,1,21.7624,303.857
17.16,1,21.7809,303.857
17.17,1,21.7995,303.857
17.18,1,21.8181,303.857
17.19,1,21.8367,303.857
17.2,1,21.8553,303.857
17.21,1,21.8739,303.857
17.22,1,21.8926,303.857
17.23,1,21.9112,303.857
17.24,1,21.9299,303.857
17.25,1,21.9486,303.857
17.26,1,21.9673,303.857
17.27,1,21.986,303.857
17.28,1,22.0048,303.857
17.29,1,22.0236,303.857
17.3,1,22.0423,303.857
17.31,1,22.0611,303.857
17.32,1,22.0799,303.857
17.33,1,22.0988,303.857
17.34,1,22.1176,303.857
17.35,1,22.1365,303.857
17.36,1,22.1554,303.857
17.37,1,22.1743,303.857
17.38,1,22.1932,303.857
17.39,1,22.2121,303.857
17.4,1,22.2311,303.857
17.41,1,22.25,303.857
17.42,1,22.269,303.857
17.43,1,22.288,303.857
17.44,1,22.307,303.857
17.45,1,22.3261,303.857
17.46,1,22.3451,303.857
17.47,1,22.3642,303.857
17.48,1,22.3833,303.857
17.49,1,22.4024,303.857
17.5,1,22.4215,303.857
17.51,1,22.4407,303.857
17.52,1,22.4598,303.857
17.53,1,22.479,303.857
17.54,1,22.4982,303.857
17.55,1,22.5174,303.857
17.56,1,22.5367,303.857
17.57,1,22.5559,303.857
17.58,1,22.5752,303.857
17.59,1,22.5945,303.857
17.6,1,22.6138,303.857
17.61,1,22.6331,303.857
17.62,1,22.6524,303.857
17.63,1,22.6718,303.857
17.64,1,22.6912,303.857
17.65,1,22.7106,303.857
17.66,1,22.73,303.857
17.67,1,22.7494,303.857
17.68,1,22.7688,303.857
17.69,1,22.7883,303.857
17.7,1,22.8078,303.857
17.71,1,22.8273,303.857
17.72,1,22.8468,303.857
17.73,1,22.8664,303.857
17.74,1,22.8859,303.857
17.75,1,22.9055,303.857
17.76,1,22.9251,303.857
17.77,1,22.9447,303.857
17.78,1,22.9643,303.857
17.79,1,22.984,303.857
17.8,1,23.0037,303.857
17.81,1,23.0234,303.857
17.82,1,23.0431,303.857
17.83,1,23.0628,303.857
17.84,1,23.0825,303.857
17.85,1,23.1023,303.857
17.86,1,23.1221,303.857
17.87,1,23.1419,303.857
17.88,1,23.1617,303.857
17.89,1,23.1815,303.857
17.9,1,23.2014,303.857
17.91,1,23.2213,303.857
17.92,1,23.2412,303.857
17.93,1,23.2611,303.857
17.94,1,23.281,303.857
17.95,1,23.301,303.857
17.96,1,23.321,303.857
17.97,1,23.341,303.857
17.98,1,23.361,303.857
17.99,1,23.381,303.857
18,1,23.4011,303.857
18.01,1,23.4211,303.857
18.02,1,23.4412,303.857
18.03,1,23.4613,303.857
18.04,1,23.4815,303.857
18.05,1,23.5016,303.857
18.06,1,23.5218,303.857
18.07,1,23.542,303.857
18.08,1,23.5622,303.857
18.09,1,23.5824,303.857
18.1,1,23.6027,303.857
18.11,1,23.623,303.857
18.12,1,23.6432,303.857
18.13,1,23.6636,303.857
18.14,1,23.6839,303.857
18.15,1,23.7042,303.857
18.16,1,23.7246,303.857
18.17,1,23.745,303.857
18.18,1,23.7654,303.857
18.19,1,23.7858,303.857
18.2,1,23.8063,303.857
18.21,1,23.8268,303.857
18.22,1,23.8473,303.857
18.23,1,23.8678,303.857
18.24,1,23.8883,303.857
18.25,1,23.9089,303.857
18.26,1,23.9294,303.857
18.27,1,23.95,303.857
18.28,1,23.9707,303.857
18.29,1,23.9913,303.857
18.3,1,24.012,303.857
18.31,1,24.0326,303.857
18.32,1,24.0533,303.857
18.33,1,24.0741,303.857
18.34,1,24.0948,303.857
18.35,1,24.1156,303.857
18.36,1,24.1363,303.857
18.37,1,24.1571,303.857
18.38,1,24.178,303.857
18.39,1,24.1988,303.857
18.4,1,24.2197,303.857
18.41,1,24.2406,303.857
18.42,1,24.2615,303.857
18.43,1,24.2824,303.857
18.44,1,24.3034,303.857
18.45,1,24.3244,303.857
18.46,1,24.3453,303.857
18.47,1,24.3664,303.857
18.48,1,24.3874,303.857
18.49,1,24.4085,303.857
18.5,1,24.4296,303.857
18.51,1,24.4507,303.857
18.52,1,24.4718,303.857
18.53,1,24.4929,303.857
18.54,1,24.5141,303.857
18.55,1,24.5353,303.857
18.56,1,24.5565,303.857
18.57,1,24.5777,303.857
18.58,1,24.599,303.857
18.59,1,24.6203,303.857
18.6,1,24.6416,303.857
18.61,1,24.6629,303.857
18.62,1,24.6843,303.857
18.63,1,24.7056,303.857
18.64,1,24.727,303.857
18.65,1,24.7484,303.857
18.66,1,24.7699,303.857
18.67,1,24.7913,303.857
18.68,1,24.8128,303.857
18.69,1,24.8343,303.857
18.7,1,24.8559,303.857
18.71,1,24.8774,303.857
18.72,1,24.899,303.857
18.73,1,24.9206,303.857
18.74,1,24.9422,303.857
18.75,1,24.9638,303.857
18.76,1,24.9855,303.857
18.77,1,25.0072,303.857
18.78,1,25.0289,303.857
18.79,1,25.0506,303.857
18.8,1,25.0724,303.857
18.81,1,25.0942,303.857
18.82,1,25.116,303.857
18.83,1,25.1378,303.857
18.84,1,25.1596,303.857
18.85,1,25.1815,303.857
18.86,1,25.2034,303.857
18.87,1,25.2253,303.857
18.88,1,25.2473,303.857
18.89,1,25.2693,303.857
18.9,1,25.2912,303.857
18.91,1,25.3133,303.857
18.92,1,25.3353,303.857
18.93,1,25.3574,303.857
18.94,1,25.3794,303.857
18.95,1,25.4016,303.857
18.96,1,25.4237,303.857
18.97,1,25.4459,303.857
18.98,1,25.468,303.857
18.99,1,25.4902,303.857
19,1,25.5125,303.857
19.01,1,25.5347,303.857
19.02,1,25.557,303.857
19.03,1,25.5793,303.857
19.04,1,25.6016,303.857
19.05,1,25.624,303.857
19.06,1,25.6464,303.857
19.07,1,25.6688,303.857
19.08,1,25.6912,303.857
19.09,1,25.7137,303.857
19.1,1,25.7361,303.857
19.11,1,25.7586,303.857
19.12,1,25.7812,303.857
19.13,1,25.8037,303.857
19.14,1,25.8263,303.857
19.15,1,25.8489,303.857
19.16,1,25.8715,303.857
19.17,1,25.8942,303.857
19.18,1,25.9168,303.857
19.19,1,25.9395,303.857
19.2,1,25.9623,303.857
19.21,1,25.985,303.857
19.22,1,26.0078,303.857
19.23,1,26.0306,303.857
19.24,1,26.0534,303.857
19.25,1,26.0763,303.857
19.26,1,26.0992,303.857
19.27,1,26.1221,303.857
19.28,1,26.145,303.857
19.29,1,26.168,303.857
19.3,1,26.1909,303.857
19.31,1,26.2139,303.857
19.32,1,26.237,303.857
19.33,1,26.26,303.857
19.34,1,26.2831,303.857
19.35,1,26.3062,303.857
19.36,1,26.3294,303.857
19.37,1,26.3526,303.857
19.38,1,26.3757,303.857
19.39,1,26.399,303.857
19.4,1,26.4222,303.857
19.41,1,26.4455,303.857
19.42,1,26.4688,303.857
19.43,1,26.4921,303.857
19.44,1,26.5155,303.857
19.45,1,26.5388,303.857
19.46,1,26.5622,303.857
19.47,1,26.5857,303.857
19.48,1,26.6091,303.857
19.49,1,26.6326,303.857
19.5,1,26.6561,303.857
19.51,1,26.6797,303.857
19.52,1,26.7032,303.857
19.53,1,26.7268,303.857
19.54,1,26.7505,303.857
19.55,1,26.7741,303.857
19.56,1,26.7978,303.857
19.57,1,26.8215,303.857
19.58,1,26.8452,303.857
19.59,1,26.869,303.857
19.6,1,26.8928,303.857
19.61,1,26.9166,303.857
19.62,1,26.9404,303.857
19.63,1,26.9643,303.857
19.64,1,26.9882,303.857
19.65,1,27.0121,303.857
19.66,1,27.0361,303.857
19.67,1,27.0601,303.857
19.68,1,27.0841,303.857
19.69,1,27.1081,303.857
19.7,1,27.1322,303.857
19.71,1,27.1563,303.857
19.72,1,27.1804,303.857
19.73,1,27.2046,303.857
19.74,1,27.2288,303.857
19.75,1,27.253,303.857
19.76,1,27.2772,303.857
19.77,1,27.3015,303.857
19.78,1,27.3258,303.857
19.79,1,27.3501,303.857
19.8,1,27.3745,303.857
19.81,1,27.3989,303.857
19.82,1,27.4233,303.857
19.83,1,27.4477,303.857
19.84,1,27.4722,303.857
19.85,1,27.4967,303.857
19.86,1,27.5212,303.857
19.87,1,27.5458,303.857
19.88,1,27.5704,303.857
19.89,1,27.595,303.857
19.9,1,27.6197,303.857
19.91,1,27.6443,303.857
19.92,1,27.6691,303.857
19.93,1,27.6938,303.857
19.94,1,27.7186,303.857
19.95,1,27.7434,303.857
19.96,1,27.7682,303.857
19.97,1,27.7931,303.857
19.98,1,27.818,303.857
19.99,1,27.8429,303.857
20,1,27.8678,303.857
20.01,1,27.8928,303.857
20.02,1,27.9178,303.857
20.03,1,27.9429,303.857
20.04,1,27.968,303.857
20.05,1,27.9931,303.857
20.06,1,28.0182,303.857
20.07,1,28.0434,303.857
20.08,1,28.0686,303.857
20.09,1,28.0938,303.857
20.1,1,28.1191,303.857
20.11,1,28.1444,303.857
20.12,1,28.1697,303.857
20.13,1,28.195,303.857
20.14,1,28.2204,303.857
20.15,1,28.2458,303.857
20.16,1,28.2713,303.857
20.17,1,28.2968,303.857
20.18,1,28.3223,303.857
20.19,1,28.3478,303.857
20.2,1,28.3734,303.857
20.21,1,28.399,303.857
20.22,1,28.4247,303.857
20.23,1,28.4503,303.857
20.24,1,28.4761,303.857
20.25,1,28.5018,303.857
20.26,1,28.5276,303.857
20.27,1,28.5534,303.857
20.28,1,28.5792,303.857
20.29,1,28.6051,303.857
20.3,1,28.631,303.857
20.31,1,28.6569,303.857
20.32,1,28.6829,303.857
20.33,1,28.7089,303.857
20.34,1,28.7349,303.857
20.35,1,28.761,303.857
20.36,1,28.7871,303.857
20.37,1,28.8132,303.857
20.38,1,28.8394,303.857
20.39,1,28.8656,303.857
20.4,1,28.8918,303.857
20.41,1,28.9181,303.857
20.42,1,28.9444,303.857
20.43,1,28.9707,303.857
20.44,1,28.9971,303.857
20.45,1,29.0235,303.857
20.46,1,29.0499,303.857
20.47,1,29.0764,303.857
20.48,1,29.1029,303.857
20.49,1,29.1295,303.857
20.5,1,29.156,303.857
20.51,1,29.1826,303.857
20.52,1,29.2093,303.857
20.53,1,29.236,303.857
20.54,1,29.2627,303.857
20.55,1,29.2894,303.857
20.56,1,29.3162,303.857
20.57,1,29.343,303.857
20.58,1,29.3699,303.857
20.59,1,29.3968,303.857
20.6,1,29.4237,303.857
20.61,1,29.4506,303.857
20.62,1,29.4776,303.857
20.63,1,29.5047,303.857
20.64,1,29.5317,303.857
20.65,1,29.5588,303.857
20.66,1,29.586,303.857
20.67,1,29.6131,303.857
20.68,1,29.6404,303.857
20.69,1,29.6676,303.857
20.7,1,29.6949,303.857
20.71,1,29.7222,303.857
20.72,1,29.7495,303.857
20.73,1,29.7769,303.857
20.74,1,29.8044,303.857
20.75,1,29.8318,303.857
20.76,1,29.8593,303.857
20.77,1,29.8869,303.857
20.78,1,29.9144,303.857
20.79,1,29.942,303.857
20.8,1,29.9697,303.857
20.81,1,29.9974,303.857
20.82,1,30.0251,303.857
20.83,1,30.0529,303.857
20.84,1,30.0807,303.857
20.85,1,30.1085,303.857
20.86,1,30.1364,303.857
20.87,1,30.1643,303.857
20.88,1,30.1922,303.857
20.89,1,30.2202,303.857
20.9,1,30.2482,303.857
20.91,1,30.2763,303.857
20.92,1,30.3044,303.857
20.93,1,30.3325,303.857
20.94,1,30.3607,303.857
20.95,1,30.3889,303.857
20.96,1,30.4172,303.857
20.97,1,30.4455,303.857
20.98,1,30.4738,303.857
20.99,1,30.5022,303.857
21,1,30.5306,303.857
21.01,1,30.559,303.857
21.02,1,30.5875,303.857
21.03,1,30.616,303.857
21.04,1,30.6446,303.857
21.05,1,30.6732,303.857
21.06,1,30.7019,303.857
21.07,1,30.7305,303.857
21.08,1,30.7593,303.857
21.09,1,30.788,303.857
21.1,1,30.8168,303.857
21.11,1,30.8457,303.857
21.12,1,30.8746,303.857
21.13,1,30.9035,303.857
21.14,1,30.9325,303.857
21.15,1,30.9615,303.857
21.16,1,30.9905,303.857
21.17,1,31.0196,303.857
21.18,1,31.0487,303.857
21.19,1,31.0779,303.857
21.2,1,31.1071,303.857
21.21,1,31.1364,303.857
21.22,1,31.1656,303.857
21.23,1,31.195,303.857
21.24,1,31.2244,303.857
21.25,1,31.2538,303.857
21.26,1,31.2832,303.857
21.27,1,31.3127,303.857
21.28,1,31.3423,303.857
21.29,1,31.3719,303.857
21.3,1,31.4015,303.857
21.31,1,31.4312,303.857
21.32,1,31.4609,303.857
21.33,1,31.4906,303.857
21.34,1,31.5204,303.857
21.35,1,31.5503,303.857
21.36,1,31.5801,303.857
21.37,1,31.6101,303.857
21.38,1,31.64,303.857
21.39,1,31.67,303.857
21.4,1,31.7001,303.857
21.41,1,31.7302,303.857
21.42,1,31.7603,303.857
21.43,1,31.7905,303.857
21.44,1,31.8208,303.857
21.45,1,31.851,303.857
21.46,1,31.8813,303.857
21.47,1,31.9117,303.857
21.48,1,31.9421,303.857
21.49,1,31.9726,303.857
21.5,1,32.003,303.857
21.51,1,32.0336,303.857
21.52,1,32.0642,303.857
21.53,1,32.0948,303.857
21.54,1,32.1255,303.857
21.55,1,32.1562,303.857
21.56,1,32.1869,303.857
21.57,1,32.2178,303.857
21.58,1,32.2486,303.857
21.59,1,32.2795,303.857
21.6,1,32.3105,303.857
21.61,1,32.3414,303.857
21.62,1,32.3725,303.857
21.63,1,32.4036,303.857
21.64,1,32.4347,303.857
21.65,1,32.4659,303.857
21.66,1,32.4971,303.857
21.67,1,32.5283,303.857
21.68,1,32.5597,303.857
21.69,1,32.591,303.857
21.7,1,32.6224,303.857
21.71,1,32.6539,303.857
21.72,1,32.6854,303.857
21.73,1,32.7169,303.857
21.74,1,32.7485,303.857
21.75,1,32.7802,303.857
21.76,1,32.8119,303.857
21.77,1,32.8436,303.857
21.78,1,32.8754,303.857
21.79,1,32.9072,303.857
21.8,1,32.9391,303.857
21.81,1,32.971,303.857
21.82,1,33.003,303.857
21.83,1,33.035,303.857
21.84,1,33.0671,303.857
21.85,1,33.0992,303.857
21.86,1,33.1314,303.857
21.87,1,33.1636,303.857
21.88,1,33.1959,303.857
21.89,1,33.2282,303.857
21.9,1,33.2606,303.857
21.91,1,33.293,303.857
21.92,1,33.3255,303.857
21.93,1,33.358,303.857
21.94,1,33.3906,303.857
21.95,1,33.4232,303.857
21.96,1,33.4559,303.857
21.97,1,33.4886,303.857
21.98,1,33.5214,303.857
21.99,1,33.5542,303.857
22,1,33.5871,303.857
22.01,1,33.62,303.857
22.02,1,33.653,303.857
22.03,1,33.686,303.857
22.04,1,33.7191,303.857
22.05,1,33.7522,303.857
22.06,1,33.7854,303.857
22.07,1,33.8186,303.857
22.08,1,33.8519,303.857
22.09,1,33.8852,303.857
22.1,1,33.9186,303.857
22.11,1,33.9521,303.857
22.12,1,33.9856,303.857
22.13,1,34.0191,303.857
22.14,1,34.0527,303.857
22.15,1,34.0864,303.857
22.16,1,34.1201,303.857
22.17,1,34.1538,303.857
22.18,1,34.1876,303.857
22.19,1,34.2215,303.857
22.2,1,34.2554,303.857
22.21,1,34.2894,303.857
22.22,1,34.3234,303.857
22.23,1,34.3575,303.857
22.24,1,34.3916,303.857
22.25,1,34.4258,303.857
22.26,1,34.4601,303.857
22.27,1,34.4944,303.857
22.28,1,34.5287,303.857
22.29,1,34.5631,303.857
22.3,1,34.5976,303.857
22.31,1,34.6321,303.857
22.32,1,34.6667,303.857
22.33,1,34.7013,303.857
22.34,1,34.736,303.857
22.35,1,34.7708,303.857
22.36,1,34.8056,303.857
22.37,1,34.8404,303.857
22.38,1,34.8753,303.857
22.39,1,34.9103,303.857
22.4,1,34.9453,303.857
22.41,1,34.9804,303.857
22.42,1,35.0155,303.857
22.43,1,35.0507,303.857
22.44,1,35.086,303.857
22.45,1,35.1213,303.857
22.46,1,35.1567,303.857
22.47,1,35.1921,303.857
22.48,1,35.2276,303.857
22.49,1,35.2631,303.857
22.5,1,35.2987,303.857
22.51,1,35.3344,303.857
22.52,1,35.3701,303.857
22.53,1,35.4059,303.857
22.54,1,35.4417,303.857
22.55,1,35.4776,303.857
22.56,1,35.5136,303.857
22.57,1,35.5496,303.857
22.58,1,35.5857,303.857
22.59,1,35.6218,303.857
22.6,1,35.658,303.857
22.61,1,35.6943,303.857
22.62,1,35.7306,303.857
22.63,1,35.767,303.857
22.64,1,35.8034,303.857
22.65,1,35.8399,303.857
22.66,1,35.8765,303.857
22.67,1,35.9131,303.857
22.68,1,35.9498,303.857
22.69,1,35.9865,303.857
22.7,1,36.0233,303.857
22.71,1,36.0602,303.857
22.72,1,36.0971,303.857
22.73,1,36.1341,303.857
22.74,1,36.1712,303.857
22.75,1,36.2083,303.857
22.76,1,36.2455,303.857
22.77,1,36.2828,303.857
22.78,1,36.3201,303.857
22.79,1,36.3574,303.857
22.8,1,36.3949,303.857
22.81,1,36.4324,303.857
22.82,1,36.4699,303.857
22.83,1,36.5076,303.857
22.84,1,36.5453,303.857
22.85,1,36.583,303.857
22.86,1,36.6208,303.857
22.87,1,36.6587,303.857
22.88,1,36.6967,303.857
22.89,1,36.7347,303.857
22.9,1,36.7728,303.857
22.91,1,36.8109,303.857
22.92,1,36.8492,303.857
22.93,1,36.8874,303.857
22.94,1,36.9258,303.857
22.95,1,36.9642,303.857
22.96,1,37.0027,303.857
22.97,1,37.0412,303.857
22.98,1,37.0799,303.857
22.99,1,37.1185,303.857
23,1,37.1573,303.857
23.01,1,37.1961,303.857
23.02,1,37.235,303.857
23.03,1,37.274,303.857
23.04,1,37.313,303.857
23.05,1,37.3521,303.857
23.06,1,37.3912,303.857
23.07,1,37.4305,303.857
23.08,1,37.4698,303.857
23.09,1,37.5091,303.857
23.1,1,37.5486,303.857
23.11,1,37.5881,303.857
23.12,1,37.6277,303.857
23.13,1,37.6673,303.857
23.14,1,37.707,303.857
23.15,1,37.7468,303.857
23.16,1,37.7867,303.857
23.17,1,37.8266,303.857
23.18,1,37.8666,303.857
23.19,1,37.9067,303.857
23.2,1,37.9468,303.857
23.21,1,37.987,303.857
23.22,1,38.0273,303.857
23.23,1,38.0677,303.857
23.24,1,38.1081,303.857
23.25,1,38.1486,303.857
23.26,1,38.1892,303.857
23.27,1,38.2299,303.857
23.28,1,38.2706,303.857
23.29,1,38.3114,303.857
23.3,1,38.3523,303.857
23.31,1,38.3932,303.857
23.32,1,38.4342,303.857
23.33,1,38.4753,303.857
23.34,1,38.5165,303.857
23.35,1,38.5578,303.857
23.36,1,38.5991,303.857
23.37,1,38.6405,303.857
23.38,1,38.682,303.857
23.39,1,38.7235,303.857
23.4,1,38.7651,303.857
23.41,1,38.8068,303.857
23.42,1,38.8486,303.857
23.43,1,38.8905,303.857
23.44,1,38.9324,303.857
23.45,1,38.9744,303.857
23.46,1,39.0165,303.857
23.47,1,39.0587,303.857
23.48,1,39.1009,303.857
23.49,1,39.1432,303.857
23.5,1,39.1856,303.857
23.51,1,39.2281,303.857
23.52,1,39.2707,303.857
23.53,1,39.3133,303.857
23.54,1,39.356,303.857
23.55,1,39.3988,303.857
23.56,1,39.4417,303.857
23.57,1,39.4847,303.857
23.58,1,39.5277,303.857
23.59,1,39.5708,303.857
23.6,1,39.614,303.857
23.61,1,39.6573,303.857
23.62,1,39.7007,303.857
23.63,1,39.7441,303.857
23.64,1,39.7876,303.857
23.65,1,39.8313,303.857
23.66,1,39.8749,303.857
23.67,1,39.9187,303.857
23.68,1,39.9626,303.857
23.69,1,40.0065,303.857
23.7,1,40.0505,303.857
23.71,1,40.0946,303.857
23.72,1,40.1388,303.857
23.73,1,40.1831,303.857
23.74,1,40.2275,303.857
23.75,1,40.2719,303.857
23.76,1,40.3165,303.857
23.77,1,40.3611,303.857
23.78,1,40.4058,303.857
23.79,1,40.4506,303.857
23.8,1,40.4954,303.857
23.81,1,40.5404,303.857
23.82,1,40.5854,303.857
23.83,1,40.6306,303.857
23.84,1,40.6758,303.857
23.85,1,40.7211,303.857
23.86,1,40.7665,303.857
23.87,1,40.812,303.857
23.88,1,40.8576,303.857
23.89,1,40.9032,303.857
23.9,1,40.949,303.857
23.91,1,40.9948,303.857
23.92,1,41.0407,303.857
23.93,1,41.0867,303.857
23.94,1,41.1329,303.857
23.95,1,41.1791,303.857
23.96,1,41.2253,303.857
23.97,1,41.2717,303.857
23.98,1,41.3182,303.857
23.99,1,41.3648,303.857
24,1,41.4114,303.857
24.01,1,41.4582,303.857
24.02,1,41.505,303.857
24.03,1,41.5519,303.857
24.04,1,41.599,303.857
24.05,1,41.6461,303.857
24.06,1,41.6933,303.857
24.07,1,41.7406,303.857
24.08,1,41.788,303.857
24.09,1,41.8355,303.857
24.1,1,41.8831,303.857
24.11,1,41.9308,303.857
24.12,1,41.9785,303.857
24.13,1,42.0264,303.857
24.14,1,42.0744,303.857
24.15,1,42.1225,303.857
24.16,1,42.1706,303.857
24.17,1,42.2189,303.857
24.18,1,42.2672,303.857
24.19,1,42.3157,303.857
24.2,1,42.3642,303.857
24.21,1,42.4129,303.857
24.22,1,42.4616,303.857
24.23,1,42.5105,303.857
24.24,1,42.5594,303.857
24.25,1,42.6085,303.857
24.26,1,42.6576,303.857
24.27,1,42.7069,303.857
24.28,1,42.7562,303.857
24.29,1,42.8057,303.857
24.3,1,42.8552,303.857
24.31,1,42.9049,303.857
24.32,1,42.9546,303.857
24.33,1,43.0045,303.857
24.34,1,43.0544,303.857
24.35,1,43.1045,303.857
24.36,1,43.1547,303.857
24.37,1,43.2049,303.857
24.38,1,43.2553,303.857
24.39,1,43.3058,303.857
24.4,1,43.3563,303.857
24.41,1,43.407,303.857
24.42,1,43.4578,303.857
24.43,1,43.5087,303.857
24.44,1,43.5597,303.857
24.45,1,43.6108,303.857
24.46,1,43.662,303.857
24.47,1,43.7133,303.857
24.48,1,43.7648,303.857
24.49,1,43.8163,303.857
24.5,1,43.8679,303.857
24.51,1,43.9197,303.857
24.52,1,43.9715,303.857
24.53,1,44.0235,303.857
24.54,1,44.0756,303.857
24.55,1,44.1278,303.857
24.56,1,44.18,303.857
24.57,1,44.2324,303.857
24.58,1,44.285,303.857
24.59,1,44.3376,303.857
24.6,1,44.3903,303.857
24.61,1,44.4432,303.857
24.62,1,44.4961,303.857
24.63,1,44.5492,303.857
24.64,1,44.6024,303.857
24.65,1,44.6557,303.857
24.66,1,44.7091,303.857
24.67,1,44.7626,303.857
24.68,1,44.8163,303.857
24.69,1,44.87,303.857
24.7,1,44.9239,303.857
24.71,1,44.9779,303.857
24.72,1,45.032,303.857
24.73,1,45.0862,303.857
24.74,1,45.1406,303.857
24.75,1,45.195,303.857
24.76,1,45.2496,303.857
24.77,1,45.3043,303.857
24.78,1,45.3591,303.857
24.79,1,45.414,303.857
24.8,1,45.4691,303.857
24.81,1,45.5242,303.857
24.82,1,45.5795,303.857
24.83,1,45.6349,303.857
24.84,1,45.6904,303.857
24.85,1,45.7461,303.857
24.86,1,45.8019,303.857
24.87,1,45.8578,303.857
24.88,1,45.9138,303.857
24.89,1,45.9699,303.857
24.9,1,46.0262,303.857
24.91,1,46.0825,303.857
24.92,1,46.139,303.857
24.93,1,46.1957,303.857
24.94,1,46.2524,303.857
24.95,1,46.3093,303.857
24.96,1,46.3663,303.857
24.97,1,46.4235,303.857
24.98,1,46.4807,303.857
24.99,1,46.5381,303.857

Total sim time: 11.1094
